churn,accountlength,internationalplan,numbervmailmessages,totaldayminutes,totaldaycalls,totaleveminutes,totalevecalls,totalnightminutes,totalnightcalls,totalintlminutes,totalintlcalls,numbercustomerservicecalls
0,128.0,0,25.0,265.1,110.0,197.4,99.0,244.7,91.0,10.0,3.0,1.0
0,107.0,0,26.0,161.6,123.0,195.5,103.0,254.4,103.0,13.7,3.0,1.0
0,121.0,0,24.0,218.2,88.0,348.5,108.0,212.6,118.0,7.5,7.0,3.0
0,141.0,1,37.0,258.6,84.0,222.0,111.0,326.4,97.0,11.2,5.0,0.0
0,85.0,0,27.0,196.4,139.0,280.9,90.0,89.3,75.0,13.8,4.0,1.0
0,76.0,0,33.0,189.7,66.0,212.8,65.0,165.7,108.0,10.0,5.0,1.0
0,57.0,0,39.0,213.0,115.0,191.1,112.0,182.7,115.0,9.5,3.0,0.0
0,57.0,0,25.0,176.8,94.0,195.0,75.0,213.5,116.0,8.3,4.0,0.0
0,72.0,0,37.0,220.0,80.0,217.3,102.0,152.8,71.0,14.7,6.0,3.0
0,36.0,0,30.0,146.3,128.0,162.5,80.0,129.3,109.0,14.5,6.0,0.0
0,136.0,1,33.0,203.9,106.0,187.6,99.0,101.7,107.0,10.5,6.0,3.0
1,135.0,1,41.0,173.1,85.0,203.9,107.0,122.2,78.0,14.6,15.0,0.0
0,59.0,0,28.0,120.9,97.0,213.0,92.0,163.1,116.0,8.5,5.0,2.0
0,97.0,0,24.0,133.2,135.0,217.2,58.0,70.6,79.0,11.0,3.0,1.0
1,121.0,0,30.0,198.4,129.0,75.3,77.0,181.2,77.0,5.8,3.0,3.0
0,116.0,0,34.0,268.6,83.0,178.2,142.0,166.3,106.0,11.6,3.0,2.0
0,74.0,0,33.0,193.7,91.0,246.1,96.0,138.0,92.0,14.6,3.0,2.0
0,149.0,0,28.0,180.7,92.0,187.8,64.0,265.5,53.0,12.6,3.0,3.0
0,40.0,0,41.0,148.1,74.0,169.5,88.0,214.1,102.0,6.2,5.0,2.0
0,162.0,0,46.0,224.9,97.0,188.2,84.0,254.6,61.0,12.1,2.0,0.0
0,55.0,0,25.0,165.6,123.0,136.1,95.0,175.7,90.0,11.0,2.0,3.0
0,70.0,0,24.0,249.5,101.0,259.7,98.0,222.7,68.0,9.8,4.0,1.0
0,128.0,0,29.0,179.3,104.0,225.9,86.0,323.0,78.0,8.6,7.0,0.0
0,74.0,0,35.0,154.1,104.0,123.4,84.0,202.1,57.0,10.9,9.0,2.0
0,98.0,0,21.0,161.2,114.0,252.2,83.0,160.2,92.0,4.4,8.0,4.0
0,36.0,0,29.0,281.4,102.0,202.2,76.0,187.2,113.0,9.0,6.0,2.0
0,93.0,0,21.0,117.9,131.0,164.5,115.0,217.0,86.0,9.8,3.0,1.0
0,141.0,0,32.0,148.6,91.0,131.1,97.0,219.4,142.0,10.1,1.0,1.0
1,36.0,1,42.0,196.8,89.0,254.9,122.0,138.3,126.0,20.0,6.0,0.0
0,112.0,0,36.0,113.7,117.0,157.5,82.0,177.6,118.0,10.0,3.0,2.0
0,41.0,0,22.0,213.8,102.0,141.8,86.0,142.2,123.0,7.2,3.0,0.0
1,61.0,0,27.0,187.5,124.0,146.6,103.0,225.7,129.0,6.4,6.0,4.0
0,131.0,0,36.0,214.2,115.0,161.7,117.0,264.7,102.0,9.5,4.0,3.0
0,75.0,0,21.0,175.8,97.0,217.5,106.0,237.5,134.0,5.3,4.0,5.0
0,127.0,0,36.0,183.2,117.0,126.8,76.0,263.3,71.0,11.2,8.0,1.0
0,113.0,0,23.0,205.0,101.0,152.0,60.0,158.6,59.0,10.2,5.0,2.0
0,120.0,0,39.0,200.3,68.0,220.4,97.0,253.8,116.0,10.5,4.0,0.0
0,157.0,0,28.0,192.6,107.0,195.5,74.0,109.7,139.0,6.8,5.0,3.0
0,145.0,0,43.0,257.7,97.0,162.1,95.0,286.9,86.0,11.1,4.0,2.0
0,139.0,0,23.0,157.6,129.0,247.0,96.0,259.2,112.0,13.7,2.0,0.0
0,115.0,0,24.0,142.1,124.0,183.4,129.0,164.8,114.0,9.6,4.0,1.0
0,141.0,0,36.0,187.5,99.0,241.4,116.0,229.5,105.0,10.5,5.0,3.0
0,92.0,0,33.0,243.1,92.0,213.8,92.0,228.7,104.0,12.1,2.0,2.0
0,185.0,0,31.0,189.8,126.0,163.3,133.0,264.8,126.0,7.5,3.0,1.0
0,94.0,0,38.0,170.1,124.0,193.3,116.0,105.9,73.0,12.8,4.0,1.0
0,64.0,0,27.0,182.1,91.0,169.7,98.0,164.7,86.0,10.6,5.0,2.0
0,94.0,1,23.0,197.1,125.0,214.5,136.0,282.2,103.0,9.5,5.0,4.0
0,67.0,0,36.0,115.6,111.0,237.7,94.0,169.9,103.0,9.9,12.0,2.0
0,118.0,0,23.0,289.5,52.0,166.6,111.0,119.1,88.0,9.5,4.0,1.0
0,117.0,0,23.0,198.1,86.0,177.0,86.0,180.5,92.0,6.8,6.0,1.0
1,131.0,1,26.0,292.9,101.0,199.7,97.0,255.3,127.0,13.8,7.0,4.0
0,53.0,0,24.0,145.7,146.0,220.5,136.0,249.9,96.0,13.1,5.0,3.0
0,66.0,0,36.0,106.7,76.0,209.8,77.0,190.4,117.0,12.1,2.0,1.0
0,82.0,0,24.0,155.2,131.0,244.5,106.0,122.4,68.0,10.7,3.0,1.0
0,86.0,0,31.0,167.6,139.0,113.0,118.0,246.9,121.0,12.2,6.0,1.0
0,127.0,0,22.0,166.0,114.0,174.5,103.0,244.9,68.0,10.2,6.0,1.0
0,126.0,0,27.0,186.2,78.0,189.6,83.0,76.5,139.0,9.6,3.0,2.0
0,104.0,0,23.0,280.2,136.0,220.5,92.0,136.9,102.0,13.3,3.0,4.0
0,45.0,0,22.0,196.6,84.0,313.2,92.0,163.3,108.0,11.9,3.0,0.0
0,63.0,1,36.0,199.0,110.0,291.3,111.0,197.6,92.0,11.0,6.0,1.0
0,110.0,0,40.0,202.6,103.0,118.8,128.0,234.9,98.0,9.0,9.0,2.0
0,107.0,0,37.0,60.0,102.0,102.2,80.0,261.8,106.0,11.1,3.0,0.0
0,119.0,0,23.0,154.0,114.0,278.0,137.0,228.4,112.0,11.8,4.0,2.0
1,33.0,0,29.0,157.4,99.0,117.9,80.0,279.2,79.0,13.9,11.0,4.0
0,86.0,0,41.0,119.0,101.0,230.0,134.0,236.9,58.0,9.5,3.0,0.0
0,106.0,0,32.0,165.9,126.0,216.5,93.0,173.1,86.0,14.1,8.0,4.0
0,24.0,0,25.0,164.9,110.0,209.3,105.0,231.2,55.0,6.7,9.0,1.0
0,114.0,0,30.0,206.2,79.0,260.0,91.0,291.6,83.0,11.4,6.0,1.0
0,114.0,0,28.0,225.8,94.0,193.0,117.0,232.4,100.0,8.4,9.0,4.0
0,64.0,0,48.0,94.4,104.0,136.2,101.0,147.4,89.0,4.5,4.0,0.0
0,49.0,0,28.0,214.4,78.0,235.2,100.0,206.2,107.0,8.0,13.0,3.0
0,92.0,0,28.0,151.1,90.0,194.8,79.0,239.2,114.0,10.0,3.0,1.0
1,144.0,0,48.0,189.8,96.0,123.4,67.0,214.2,106.0,6.5,2.0,2.0
0,131.0,0,25.0,192.7,85.0,225.9,105.0,254.2,59.0,10.9,6.0,2.0
0,48.0,0,37.0,211.7,115.0,159.9,84.0,144.1,80.0,12.2,1.0,1.0
0,86.0,0,28.0,221.6,74.0,288.4,100.0,240.3,105.0,9.0,2.0,1.0
0,145.0,0,24.0,147.5,90.0,175.7,108.0,252.1,102.0,15.6,3.0,2.0
0,199.0,0,34.0,230.6,121.0,219.4,99.0,299.3,94.0,8.0,2.0,0.0
1,96.0,0,37.0,172.7,93.0,120.1,116.0,216.1,86.0,10.3,5.0,5.0
0,96.0,0,18.0,172.7,86.0,133.4,113.0,259.5,70.0,9.8,3.0,1.0
0,110.0,0,38.0,236.3,102.0,195.9,112.0,183.5,82.0,9.7,6.0,1.0
0,103.0,0,28.0,121.0,105.0,270.4,100.0,160.5,76.0,7.7,4.0,2.0
0,119.0,0,29.0,117.8,66.0,256.8,114.0,147.6,76.0,7.6,3.0,3.0
0,173.0,0,21.0,232.4,96.0,211.9,118.0,273.0,102.0,5.0,5.0,3.0
1,128.0,1,32.0,223.5,81.0,188.8,74.0,154.9,101.0,9.4,2.0,2.0
0,114.0,0,32.0,125.2,79.0,177.8,105.0,232.4,89.0,12.9,3.0,1.0
0,100.0,0,30.0,58.8,104.0,219.5,107.0,152.3,118.0,7.1,3.0,0.0
0,121.0,0,35.0,68.7,95.0,209.2,69.0,197.4,42.0,11.4,4.0,1.0
0,143.0,0,33.0,239.2,109.0,235.5,112.0,156.3,95.0,9.5,4.0,1.0
0,151.0,0,17.0,214.7,97.0,138.5,90.0,169.1,44.0,8.6,4.0,1.0
0,44.0,0,34.0,221.8,105.0,161.7,85.0,227.7,62.0,14.0,7.0,0.0
0,98.0,0,21.0,64.6,98.0,176.1,86.0,244.8,84.0,0.0,0.0,2.0
0,64.0,0,37.0,154.6,92.0,83.4,103.0,165.9,99.0,13.3,3.0,1.0
0,81.0,0,33.0,161.6,117.0,123.0,90.0,261.3,101.0,12.2,5.0,1.0
0,83.0,0,41.0,155.9,122.0,162.3,107.0,127.6,105.0,13.1,5.0,3.0
0,179.0,1,38.0,220.1,78.0,234.3,71.0,237.3,85.0,10.1,4.0,4.0
0,122.0,0,23.0,134.2,85.0,227.3,132.0,122.4,96.0,8.5,2.0,2.0
0,37.0,1,39.0,149.7,122.0,211.1,75.0,114.3,90.0,9.2,4.0,1.0
0,90.0,0,29.0,150.1,109.0,264.7,103.0,178.4,97.0,5.8,4.0,1.0
0,39.0,0,36.0,141.7,121.0,232.3,113.0,222.1,131.0,12.0,5.0,1.0
0,87.0,0,21.0,214.0,113.0,180.0,114.0,134.5,82.0,10.6,5.0,0.0
0,117.0,1,22.0,196.0,82.0,322.7,82.0,225.6,120.0,3.7,5.0,1.0
0,98.0,0,22.0,278.3,89.0,93.4,143.0,107.6,42.0,9.7,5.0,0.0
0,98.0,0,31.0,121.0,105.0,218.9,98.0,226.7,110.0,12.0,1.0,1.0
0,96.0,0,26.0,145.8,108.0,192.2,89.0,165.1,96.0,9.9,2.0,1.0
0,128.0,0,34.0,142.3,73.0,194.8,79.0,239.3,81.0,16.0,6.0,1.0
0,141.0,0,28.0,206.9,126.0,264.4,126.0,171.8,124.0,9.3,11.0,2.0
0,96.0,0,45.0,248.8,124.0,140.3,77.0,263.6,102.0,10.3,2.0,3.0
0,112.0,0,16.0,221.6,110.0,130.2,123.0,200.0,108.0,11.3,3.0,1.0
0,67.0,0,40.0,104.9,65.0,216.3,93.0,217.4,128.0,9.6,9.0,1.0
0,61.0,0,31.0,288.7,101.0,203.8,102.0,203.2,49.0,8.6,3.0,0.0
0,58.0,0,29.0,240.4,80.0,118.9,91.0,164.2,108.0,11.2,3.0,1.0
0,135.0,0,27.0,273.4,141.0,154.0,99.0,245.8,112.0,12.3,6.0,1.0
0,59.0,0,29.0,133.1,114.0,221.2,82.0,131.6,103.0,6.8,3.0,1.0
0,79.0,0,21.0,264.3,79.0,202.8,118.0,173.4,92.0,6.3,3.0,4.0
0,86.0,0,23.0,225.5,107.0,246.3,105.0,245.7,81.0,9.8,2.0,0.0
0,149.0,0,20.0,198.9,77.0,274.0,88.0,190.7,76.0,14.3,9.0,1.0
0,11.0,0,28.0,190.6,86.0,220.1,122.0,180.3,80.0,6.0,3.0,3.0
0,144.0,0,18.0,106.4,109.0,108.1,113.0,208.4,111.0,10.1,5.0,1.0
0,105.0,0,23.0,193.5,85.0,220.2,90.0,272.4,111.0,8.5,5.0,0.0
1,132.0,0,36.0,226.2,103.0,181.6,125.0,258.8,102.0,10.5,5.0,3.0
0,86.0,0,32.0,70.9,163.0,166.7,121.0,244.9,105.0,11.1,5.0,3.0
0,41.0,0,34.0,194.4,63.0,254.9,110.0,160.2,115.0,17.2,9.0,2.0
1,72.0,0,33.0,96.6,59.0,315.4,98.0,163.3,117.0,6.2,4.0,4.0
0,139.0,0,20.0,214.6,101.0,235.1,132.0,162.8,132.0,14.8,12.0,0.0
0,141.0,0,23.0,149.7,112.0,162.5,118.0,220.3,115.0,7.6,2.0,3.0
0,36.0,0,16.0,149.4,111.0,131.8,113.0,132.7,87.0,6.7,2.0,0.0
0,129.0,0,33.0,119.6,104.0,278.7,88.0,263.4,175.0,5.9,2.0,2.0
0,93.0,0,36.0,178.7,134.0,178.6,102.0,126.8,82.0,8.0,4.0,2.0
0,126.0,0,23.0,114.3,102.0,190.3,103.0,240.4,111.0,12.6,7.0,3.0
0,124.0,0,28.0,251.4,104.0,225.1,89.0,251.9,121.0,7.5,5.0,1.0
0,109.0,1,26.0,217.2,138.0,145.5,111.0,280.7,76.0,9.3,3.0,0.0
0,136.0,0,31.0,143.1,88.0,236.6,65.0,227.8,120.0,11.4,5.0,2.0
0,143.0,0,24.0,186.6,69.0,222.0,116.0,234.9,138.0,11.6,5.0,1.0
1,118.0,0,26.0,170.8,114.0,199.5,125.0,169.7,98.0,9.6,5.0,5.0
0,193.0,0,17.0,124.0,102.0,202.9,81.0,205.1,129.0,12.3,3.0,1.0
0,30.0,0,30.0,217.4,74.0,213.8,86.0,227.2,104.0,6.6,3.0,0.0
1,60.0,1,29.0,265.9,113.0,215.8,94.0,108.1,82.0,14.0,12.0,0.0
0,148.0,0,14.0,93.6,137.0,193.8,72.0,144.9,84.0,17.5,5.0,1.0
0,122.0,0,27.0,253.7,84.0,229.2,109.0,190.5,123.0,9.2,5.0,7.0
0,95.0,0,22.0,40.9,126.0,133.4,90.0,264.2,91.0,11.9,7.0,0.0
0,47.0,0,37.0,163.5,77.0,203.1,102.0,232.0,87.0,7.8,4.0,2.0
0,98.0,0,38.0,213.7,61.0,253.0,104.0,207.7,73.0,10.7,5.0,2.0
0,125.0,0,36.0,201.3,117.0,42.2,78.0,125.7,104.0,5.4,3.0,1.0
0,128.0,0,40.0,171.2,88.0,145.7,109.0,196.8,93.0,14.0,6.0,1.0
0,190.0,0,22.0,166.5,93.0,183.0,92.0,121.0,102.0,8.5,3.0,0.0
0,47.0,0,28.0,141.3,94.0,168.0,108.0,113.5,84.0,7.8,2.0,1.0
0,150.0,0,29.0,209.9,77.0,158.0,52.0,141.9,113.0,6.6,1.0,0.0
1,152.0,1,20.0,237.5,120.0,253.4,94.0,265.2,80.0,14.2,3.0,9.0
0,79.0,0,31.0,103.1,90.0,243.0,135.0,76.4,92.0,12.2,8.0,3.0
0,95.0,0,27.0,129.5,106.0,248.9,90.0,268.0,115.0,11.9,3.0,1.0
1,95.0,1,41.0,136.8,91.0,200.8,61.0,133.7,67.0,10.3,9.0,5.0
0,31.0,0,31.0,100.1,54.0,246.3,97.0,255.0,131.0,5.9,3.0,0.0
0,121.0,0,31.0,237.1,63.0,205.6,117.0,196.7,85.0,10.1,5.0,4.0
0,74.0,0,25.0,194.6,84.0,119.9,103.0,175.5,75.0,13.1,2.0,2.0
0,58.0,0,20.0,194.5,110.0,213.7,89.0,236.6,92.0,9.5,2.0,1.0
0,53.0,0,18.0,146.8,107.0,310.0,84.0,178.7,130.0,7.2,7.0,0.0
0,99.0,0,28.0,200.7,88.0,264.2,116.0,172.7,102.0,9.1,5.0,1.0
0,66.0,0,29.0,229.4,104.0,257.4,84.0,231.5,119.0,8.0,1.0,2.0
0,75.0,0,37.0,121.5,97.0,271.4,110.0,248.7,97.0,11.3,5.0,2.0
1,133.0,1,32.0,221.1,137.0,264.9,99.0,168.9,108.0,15.4,4.0,2.0
0,186.0,0,26.0,74.3,107.0,177.3,116.0,296.3,90.0,14.5,3.0,2.0
0,64.0,0,31.0,228.6,88.0,248.5,109.0,167.1,124.0,9.0,1.0,3.0
0,114.0,0,36.0,309.9,90.0,200.3,89.0,183.5,105.0,14.2,2.0,1.0
0,90.0,0,30.0,183.8,76.0,229.7,95.0,144.1,124.0,7.7,3.0,1.0
0,72.0,0,21.0,186.7,108.0,335.0,86.0,187.2,119.0,16.5,4.0,1.0
0,171.0,0,25.0,223.2,77.0,183.2,118.0,150.8,90.0,10.2,3.0,3.0
0,117.0,0,14.0,80.2,81.0,219.0,103.0,122.6,102.0,8.6,2.0,1.0
0,82.0,0,29.0,207.2,111.0,254.1,137.0,169.3,92.0,9.5,5.0,2.0
0,87.0,0,28.0,151.4,95.0,152.4,97.0,250.1,109.0,0.0,0.0,1.0
0,75.0,0,46.0,214.1,62.0,200.9,111.0,246.8,126.0,9.2,6.0,0.0
0,63.0,0,29.0,142.3,107.0,118.7,56.0,240.1,91.0,6.6,8.0,1.0
1,105.0,1,29.0,220.7,82.0,217.7,110.0,190.5,100.0,13.2,6.0,1.0
0,41.0,0,37.0,239.8,110.0,221.9,115.0,189.1,100.0,7.3,1.0,2.0
0,48.0,0,43.0,172.0,111.0,200.2,64.0,233.1,96.0,8.0,5.0,1.0
0,166.0,1,35.0,128.2,138.0,274.5,113.0,298.9,130.0,8.8,7.0,2.0
0,105.0,0,33.0,209.6,68.0,146.9,140.0,121.0,131.0,10.6,3.0,2.0
1,95.0,1,37.0,220.2,109.0,185.3,99.0,205.1,82.0,4.1,2.0,0.0
0,68.0,0,22.0,82.5,97.0,289.9,94.0,180.0,114.0,4.8,4.0,3.0
0,122.0,0,34.0,146.4,104.0,89.7,103.0,220.0,91.0,15.6,4.0,2.0
0,120.0,0,27.0,153.5,84.0,194.0,73.0,256.5,94.0,10.2,7.0,5.0
0,64.0,0,19.0,180.1,106.0,127.5,92.0,237.4,118.0,7.5,3.0,0.0
0,13.0,0,31.0,265.3,94.0,147.6,95.0,259.3,117.0,12.9,1.0,1.0
0,111.0,0,24.0,205.5,114.0,219.3,99.0,215.9,95.0,14.0,4.0,1.0
0,50.0,0,22.0,252.9,112.0,177.9,99.0,158.4,146.0,8.5,4.0,3.0
0,153.0,0,28.0,235.6,74.0,227.9,37.0,170.3,103.0,15.4,9.0,0.0
0,131.0,0,39.0,69.1,122.0,101.3,136.0,104.8,94.0,9.1,4.0,0.0
0,54.0,0,39.0,206.9,143.0,127.8,72.0,199.2,120.0,9.2,1.0,3.0
0,87.0,0,22.0,263.8,65.0,103.4,115.0,208.1,109.0,8.5,3.0,3.0
0,96.0,0,31.0,183.4,126.0,195.5,106.0,180.1,93.0,10.5,5.0,1.0
0,65.0,0,31.0,282.3,70.0,152.0,89.0,225.5,93.0,12.0,4.0,1.0
0,112.0,0,22.0,181.8,110.0,228.1,123.0,262.7,141.0,9.2,4.0,2.0
0,101.0,0,33.0,200.1,108.0,188.9,122.0,205.1,90.0,15.5,4.0,0.0
0,32.0,0,26.0,266.7,109.0,232.3,107.0,212.8,98.0,16.3,4.0,1.0
0,3.0,0,36.0,118.1,117.0,221.5,125.0,103.9,89.0,11.9,6.0,2.0
0,189.0,0,38.0,256.7,98.0,150.5,120.0,123.0,87.0,11.4,3.0,3.0
0,63.0,0,32.0,30.9,113.0,187.0,113.0,230.8,101.0,8.6,7.0,1.0
0,13.0,0,21.0,315.6,105.0,208.9,71.0,260.1,123.0,12.1,3.0,3.0
0,92.0,0,29.0,155.4,110.0,188.5,104.0,254.9,118.0,8.0,4.0,3.0
0,163.0,0,23.0,160.0,104.0,189.4,64.0,229.9,118.0,10.4,7.0,1.0
0,84.0,0,42.0,165.3,97.0,223.5,118.0,260.8,72.0,7.6,7.0,3.0
0,83.0,1,32.0,94.7,111.0,154.4,98.0,200.4,109.0,10.6,6.0,2.0
0,168.0,0,22.0,175.9,70.0,211.7,105.0,174.5,81.0,7.3,5.0,2.0
0,57.0,1,30.0,234.5,130.0,195.2,116.0,268.8,94.0,11.4,4.0,2.0
0,100.0,0,38.0,177.1,88.0,163.7,108.0,242.7,72.0,7.4,2.0,0.0
1,103.0,0,36.0,87.2,92.0,169.3,110.0,166.7,80.0,10.9,5.0,6.0
0,129.0,0,36.0,192.8,103.0,177.0,83.0,216.5,118.0,16.4,5.0,1.0
0,86.0,0,39.0,261.2,122.0,214.2,101.0,154.9,101.0,12.7,5.0,2.0
0,151.0,0,26.0,196.5,98.0,175.8,111.0,221.8,124.0,13.4,5.0,0.0
0,85.0,0,37.0,229.6,123.0,132.3,90.0,211.9,76.0,9.5,8.0,2.0
0,93.0,1,20.0,187.5,110.0,169.8,94.0,175.3,127.0,12.1,4.0,1.0
0,67.0,0,20.0,230.6,40.0,189.1,58.0,162.2,115.0,9.4,2.0,1.0
0,116.0,0,17.0,193.4,112.0,240.6,131.0,248.1,98.0,11.4,3.0,5.0
0,119.0,0,26.0,161.3,97.0,250.3,110.0,142.4,92.0,6.6,8.0,1.0
0,146.0,0,32.0,154.0,80.0,185.5,91.0,148.2,107.0,8.2,4.0,3.0
0,101.0,0,29.0,121.1,116.0,186.4,100.0,241.7,75.0,10.1,6.0,0.0
0,22.0,0,23.0,182.1,94.0,164.6,59.0,128.8,102.0,12.7,4.0,3.0
0,108.0,0,30.0,276.6,99.0,220.1,113.0,177.9,95.0,9.8,6.0,2.0
0,136.0,0,21.0,179.4,88.0,181.1,97.0,320.7,120.0,9.5,4.0,2.0
0,33.0,0,35.0,186.8,124.0,261.0,69.0,317.8,103.0,15.0,5.0,0.0
0,120.0,0,31.0,153.5,83.0,219.1,96.0,237.4,76.0,11.4,4.0,0.0
0,148.0,0,26.0,244.9,150.0,118.0,138.0,236.0,91.0,15.2,4.0,2.0
1,149.0,1,28.0,126.9,97.0,166.9,102.0,145.2,77.0,8.8,3.0,5.0
0,61.0,0,20.0,254.4,133.0,161.7,96.0,251.4,91.0,10.5,4.0,0.0
0,135.0,1,24.0,127.7,54.0,215.0,105.0,234.3,84.0,5.8,4.0,2.0
0,115.0,0,26.0,170.5,107.0,217.2,77.0,225.7,71.0,13.6,5.0,6.0
0,35.0,0,27.0,241.7,87.0,142.0,101.0,288.9,68.0,9.4,4.0,1.0
0,107.0,0,22.0,281.1,83.0,143.7,130.0,239.4,128.0,11.2,9.0,1.0
0,92.0,1,45.0,281.1,88.0,198.0,103.0,94.3,76.0,7.5,3.0,0.0
1,69.0,1,33.0,271.5,98.0,253.4,102.0,165.4,85.0,8.2,2.0,1.0
0,113.0,0,32.0,180.4,89.0,129.4,124.0,166.9,124.0,8.4,2.0,1.0
0,135.0,0,22.0,197.1,113.0,259.4,95.0,134.7,135.0,14.6,5.0,2.0
0,100.0,0,26.0,153.7,115.0,137.8,146.0,213.5,104.0,15.9,5.0,1.0
0,96.0,0,27.0,261.3,96.0,220.9,101.0,179.4,97.0,11.3,2.0,1.0
0,56.0,0,30.0,127.1,89.0,172.1,116.0,194.6,111.0,12.1,3.0,1.0
0,61.0,1,16.0,143.5,76.0,242.6,58.0,147.7,95.0,11.3,3.0,0.0
0,171.0,0,17.0,186.9,94.0,240.0,138.0,200.9,64.0,5.8,3.0,1.0
0,75.0,0,41.0,130.9,115.0,203.4,110.0,171.7,68.0,12.4,4.0,1.0
0,92.0,0,16.0,184.0,99.0,76.4,134.0,185.1,96.0,12.7,3.0,2.0
0,77.0,0,24.0,149.4,74.0,123.9,72.0,174.3,84.0,10.1,6.0,1.0
0,81.0,0,31.0,210.4,100.0,225.5,97.0,168.7,120.0,9.7,4.0,0.0
0,64.0,1,33.0,127.2,93.0,162.9,104.0,247.4,109.0,8.1,13.0,0.0
0,107.0,0,28.0,201.8,79.0,304.9,128.0,225.6,133.0,11.9,8.0,1.0
0,88.0,0,17.0,219.5,78.0,222.1,94.0,188.3,92.0,16.1,5.0,1.0
0,146.0,0,19.0,176.6,88.0,162.7,66.0,215.5,98.0,14.6,6.0,1.0
0,144.0,0,51.0,283.9,98.0,192.0,109.0,196.3,85.0,10.0,4.0,1.0
0,70.0,0,31.0,125.9,101.0,196.4,102.0,252.7,75.0,10.3,4.0,1.0
0,120.0,0,24.0,212.7,73.0,257.5,103.0,227.8,119.0,9.7,13.0,2.0
0,129.0,0,37.0,205.0,94.0,165.4,103.0,185.0,81.0,11.7,8.0,1.0
0,75.0,0,38.0,163.6,132.0,146.7,113.0,345.8,115.0,13.1,3.0,3.0
0,119.0,0,27.0,220.1,128.0,268.2,133.0,146.5,80.0,11.1,3.0,0.0
0,149.0,0,43.0,206.7,79.0,174.6,122.0,241.5,80.0,10.9,3.0,1.0
0,132.0,0,15.0,154.6,128.0,245.6,106.0,148.6,90.0,9.1,4.0,1.0
0,122.0,0,33.0,270.8,96.0,220.4,110.0,169.9,104.0,11.8,8.0,4.0
0,66.0,0,26.0,254.9,108.0,243.2,135.0,190.8,95.0,5.4,3.0,2.0
0,103.0,0,31.0,107.7,124.0,188.9,104.0,196.2,98.0,8.9,3.0,0.0
1,109.0,0,27.0,166.9,85.0,221.2,92.0,197.3,97.0,12.3,4.0,1.0
0,108.0,0,35.0,215.9,106.0,200.6,107.0,195.4,107.0,15.5,7.0,0.0
0,89.0,0,32.0,209.9,113.0,249.8,104.0,224.2,92.0,8.7,7.0,1.0
0,72.0,1,29.0,139.8,114.0,138.2,91.0,221.0,88.0,5.5,6.0,0.0
0,118.0,0,24.0,118.1,83.0,109.6,72.0,245.5,73.0,16.9,2.0,1.0
0,127.0,0,25.0,82.2,95.0,163.3,109.0,264.9,104.0,5.1,6.0,0.0
0,42.0,0,32.0,163.8,80.0,177.8,123.0,190.4,106.0,8.1,5.0,0.0
0,50.0,0,24.0,214.3,129.0,289.8,55.0,312.5,130.0,10.6,4.0,1.0
0,81.0,0,24.0,130.1,117.0,196.0,61.0,139.3,123.0,11.4,5.0,0.0
0,205.0,0,24.0,175.8,139.0,155.0,98.0,180.7,64.0,7.8,5.0,2.0
0,91.0,0,37.0,162.3,107.0,233.9,115.0,277.4,94.0,9.2,4.0,0.0
1,81.0,0,28.0,167.9,147.0,190.7,105.0,193.0,103.0,9.2,6.0,4.0
0,150.0,0,28.0,174.4,75.0,169.9,80.0,201.6,130.0,11.0,4.0,1.0
0,132.0,0,39.0,175.7,93.0,187.2,94.0,225.5,118.0,8.6,3.0,2.0
0,114.0,0,34.0,154.4,109.0,221.4,142.0,208.5,103.0,10.3,5.0,0.0
0,77.0,0,23.0,209.7,73.0,183.6,63.0,205.5,111.0,7.1,3.0,2.0
0,91.0,0,23.0,232.4,97.0,186.0,88.0,190.5,128.0,12.3,3.0,3.0
0,142.0,0,30.0,154.0,75.0,165.8,97.0,270.0,83.0,10.8,5.0,1.0
0,9.0,0,31.0,193.8,130.0,202.6,98.0,191.2,102.0,13.3,2.0,1.0
1,48.0,0,22.0,152.0,63.0,258.8,131.0,263.2,109.0,15.7,5.0,2.0
1,122.0,0,33.0,174.9,103.0,248.2,105.0,164.6,116.0,13.5,3.0,1.0
0,21.0,0,31.0,135.9,90.0,271.0,84.0,179.1,89.0,9.5,7.0,6.0
1,93.0,0,21.0,134.2,105.0,162.5,128.0,186.6,90.0,11.8,2.0,4.0
0,103.0,0,24.0,111.8,85.0,239.6,102.0,268.3,81.0,6.9,4.0,1.0
0,84.0,0,33.0,159.1,106.0,149.8,101.0,213.4,108.0,13.0,18.0,1.0
0,159.0,0,15.0,113.9,102.0,145.3,146.0,195.2,137.0,11.8,9.0,1.0
1,110.0,1,27.0,267.9,103.0,263.3,74.0,178.1,106.0,8.3,2.0,1.0
0,38.0,0,31.0,197.2,118.0,249.9,70.0,298.9,104.0,3.9,2.0,0.0
0,50.0,0,35.0,192.6,97.0,135.2,101.0,216.2,101.0,7.9,2.0,2.0
0,45.0,0,26.0,91.7,104.0,150.6,119.0,63.3,103.0,7.7,5.0,1.0
0,147.0,0,33.0,251.5,107.0,234.1,110.0,213.4,87.0,10.4,6.0,3.0
0,93.0,0,32.0,138.1,91.0,167.3,72.0,238.9,115.0,6.8,3.0,2.0
0,52.0,0,38.0,169.3,88.0,225.9,97.0,172.0,86.0,8.2,3.0,0.0
0,64.0,0,27.0,201.3,101.0,143.8,89.0,150.2,127.0,12.3,3.0,1.0
0,168.0,0,42.0,97.4,57.0,203.6,98.0,173.9,124.0,11.4,2.0,2.0
0,115.0,0,33.0,145.0,72.0,194.5,157.0,242.3,138.0,14.2,3.0,2.0
0,148.0,0,11.0,252.9,129.0,284.3,88.0,262.8,99.0,12.3,1.0,1.0
0,67.0,0,28.0,95.0,94.0,291.2,73.0,159.6,114.0,10.0,2.0,2.0
1,99.0,0,42.0,216.0,125.0,232.3,104.0,215.5,100.0,9.3,4.0,2.0
0,119.0,0,32.0,142.6,77.0,208.2,126.0,171.0,102.0,12.0,2.0,3.0
0,161.0,0,38.0,240.4,112.0,201.8,102.0,206.1,112.0,16.1,6.0,0.0
0,91.0,1,24.0,93.5,112.0,183.4,128.0,240.7,133.0,9.9,3.0,0.0
0,139.0,0,25.0,96.2,112.0,178.9,70.0,182.1,84.0,12.9,10.0,2.0
0,86.0,0,38.0,123.0,158.0,133.9,119.0,138.2,103.0,13.3,4.0,1.0
0,132.0,0,31.0,174.5,101.0,245.6,105.0,172.8,76.0,10.3,9.0,1.0
0,190.0,0,26.0,116.7,71.0,145.9,88.0,175.1,103.0,9.9,3.0,1.0
0,185.0,1,30.0,154.1,114.0,118.7,106.0,258.4,105.0,12.9,3.0,2.0
0,68.0,0,29.0,239.5,82.0,203.8,105.0,167.8,70.0,9.9,6.0,0.0
0,117.0,0,25.0,216.0,140.0,224.1,69.0,267.9,112.0,11.8,4.0,0.0
0,164.0,0,25.0,219.1,88.0,151.5,99.0,50.1,60.0,14.3,6.0,1.0
0,53.0,0,27.0,25.9,119.0,206.5,96.0,228.1,64.0,6.5,7.0,1.0
0,64.0,0,19.0,291.1,150.0,226.7,123.0,219.1,67.0,7.5,2.0,1.0
0,105.0,0,42.0,101.9,79.0,223.1,97.0,241.6,77.0,12.9,2.0,0.0
0,57.0,0,29.0,279.9,121.0,223.1,109.0,251.7,94.0,13.0,2.0,1.0
0,116.0,0,35.0,200.4,104.0,272.8,89.0,214.5,100.0,8.3,4.0,1.0
1,135.0,0,28.0,201.4,100.0,246.5,117.0,154.8,131.0,12.9,4.0,2.0
0,98.0,0,29.0,179.9,97.0,189.2,89.0,164.3,76.0,12.8,7.0,3.0
0,108.0,0,15.0,165.1,85.0,267.0,93.0,250.7,114.0,10.9,4.0,1.0
0,11.0,0,24.0,131.5,98.0,230.2,111.0,283.7,87.0,10.0,3.0,2.0
0,99.0,0,19.0,87.7,103.0,223.0,86.0,182.3,112.0,7.3,4.0,2.0
0,159.0,0,19.0,184.1,78.0,194.5,71.0,225.6,101.0,16.9,3.0,0.0
0,114.0,1,31.0,174.5,104.0,224.2,92.0,116.3,91.0,12.3,10.0,2.0
0,100.0,0,25.0,246.6,94.0,141.4,112.0,189.8,109.0,13.0,5.0,1.0
0,83.0,0,37.0,78.5,109.0,210.5,101.0,179.7,102.0,11.8,4.0,1.0
0,144.0,0,33.0,251.6,87.0,197.6,118.0,209.2,97.0,12.2,3.0,2.0
1,106.0,1,26.0,270.3,111.0,215.2,90.0,254.0,133.0,14.4,7.0,1.0
0,19.0,0,34.0,156.6,97.0,224.2,97.0,260.9,135.0,11.3,1.0,1.0
0,9.0,0,39.0,214.1,108.0,169.2,115.0,189.7,117.0,10.1,3.0,1.0
0,105.0,0,29.0,179.4,113.0,275.4,100.0,246.1,105.0,10.0,5.0,0.0
0,95.0,0,32.0,262.2,123.0,165.2,82.0,194.3,57.0,10.6,5.0,0.0
0,119.0,0,24.0,217.2,94.0,138.7,52.0,139.3,85.0,11.3,4.0,0.0
0,76.0,0,26.0,214.6,110.0,205.2,87.0,134.6,140.0,8.1,2.0,1.0
0,47.0,0,28.0,112.2,70.0,154.8,106.0,166.7,105.0,10.6,2.0,0.0
0,157.0,0,30.0,194.3,107.0,243.2,108.0,322.2,114.0,7.1,5.0,1.0
0,66.0,0,32.0,187.8,117.0,129.8,90.0,132.3,113.0,12.0,3.0,2.0
0,50.0,1,26.0,307.1,94.0,289.4,78.0,174.9,109.0,8.0,3.0,0.0
0,72.0,0,39.0,92.8,98.0,271.2,115.0,167.1,83.0,5.8,7.0,1.0
0,134.0,0,32.0,216.8,78.0,102.2,111.0,174.0,83.0,8.6,2.0,0.0
0,111.0,0,36.0,166.2,54.0,238.8,109.0,108.8,92.0,11.2,2.0,3.0
0,101.0,0,23.0,262.2,101.0,157.0,80.0,129.1,100.0,7.3,14.0,1.0
0,67.0,0,35.0,245.4,89.0,148.2,102.0,274.0,136.0,7.5,6.0,1.0
0,154.0,0,32.0,192.3,82.0,165.3,134.0,205.0,74.0,9.0,1.0,2.0
0,130.0,0,12.0,141.9,92.0,228.9,102.0,195.1,101.0,8.7,5.0,0.0
0,142.0,0,26.0,220.5,94.0,239.5,126.0,254.3,109.0,5.9,9.0,2.0
0,87.0,0,28.0,143.5,106.0,223.5,147.0,175.4,69.0,11.2,5.0,0.0
1,119.0,1,15.0,160.0,95.0,209.5,110.0,82.3,107.0,8.7,5.0,5.0
0,75.0,0,26.0,118.5,86.0,213.9,118.0,132.6,99.0,13.4,3.0,2.0
0,180.0,0,33.0,231.8,78.0,232.9,79.0,206.9,121.0,7.6,4.0,1.0
0,100.0,0,25.0,215.9,90.0,257.9,92.0,180.2,157.0,11.6,4.0,1.0
0,119.0,0,35.0,217.1,92.0,220.8,134.0,249.5,93.0,8.0,5.0,2.0
0,155.0,0,39.0,183.3,106.0,205.1,101.0,263.7,90.0,5.1,7.0,1.0
0,92.0,0,25.0,134.0,112.0,206.0,111.0,180.6,118.0,9.7,4.0,0.0
0,13.0,0,25.0,176.6,65.0,172.7,96.0,104.5,128.0,11.3,5.0,2.0
0,144.0,1,35.0,174.8,127.0,219.6,93.0,255.8,90.0,12.8,3.0,0.0
0,80.0,0,31.0,166.4,92.0,238.3,74.0,150.7,84.0,10.7,4.0,4.0
0,131.0,0,28.0,249.6,87.0,227.2,138.0,239.9,92.0,7.6,3.0,3.0
0,88.0,0,31.0,181.6,91.0,213.2,120.0,207.8,104.0,11.4,4.0,1.0
0,162.0,0,33.0,184.5,139.0,183.2,78.0,127.4,106.0,12.3,6.0,0.0
0,124.0,0,37.0,161.2,109.0,204.2,79.0,231.5,87.0,8.9,4.0,1.0
0,147.0,1,24.0,219.9,118.0,208.5,116.0,352.5,111.0,8.1,4.0,3.0
1,108.0,0,34.0,162.1,83.0,171.8,117.0,259.8,76.0,9.6,3.0,4.0
0,116.0,0,35.0,182.8,122.0,212.7,119.0,193.8,103.0,11.0,2.0,1.0
0,45.0,0,38.0,196.8,92.0,254.2,108.0,261.8,85.0,7.7,2.0,1.0
1,62.0,0,33.0,186.4,84.0,201.0,136.0,286.7,103.0,11.1,3.0,2.0
0,55.0,0,20.0,189.3,95.0,118.6,113.0,250.2,102.0,12.5,4.0,2.0
0,76.0,0,22.0,160.1,107.0,168.7,136.0,23.2,102.0,9.5,4.0,3.0
1,40.0,0,31.0,224.7,69.0,134.5,81.0,120.3,104.0,7.5,5.0,1.0
0,95.0,0,39.0,260.8,130.0,213.4,111.0,195.6,97.0,10.1,5.0,1.0
1,55.0,0,45.0,130.5,114.0,208.4,94.0,141.6,114.0,11.0,5.0,4.0
0,81.0,1,37.0,237.1,76.0,264.2,125.0,271.3,120.0,7.9,3.0,1.0
0,3.0,0,27.0,67.4,116.0,244.0,78.0,281.1,93.0,11.4,2.0,2.0
0,68.0,0,24.0,176.0,118.0,277.9,116.0,174.7,71.0,14.7,7.0,1.0
0,109.0,0,46.0,217.5,123.0,233.7,84.0,163.9,99.0,9.0,3.0,4.0
0,107.0,0,14.0,114.3,132.0,199.8,91.0,194.7,74.0,7.5,8.0,1.0
0,67.0,0,30.0,129.6,107.0,233.0,104.0,297.0,93.0,14.5,5.0,1.0
0,98.0,0,31.0,181.6,112.0,220.7,100.0,236.3,121.0,12.9,4.0,2.0
0,141.0,0,22.0,215.4,123.0,328.7,98.0,160.5,89.0,7.8,6.0,1.0
0,89.0,0,29.0,163.5,80.0,274.8,136.0,381.9,147.0,7.5,5.0,2.0
0,103.0,0,31.0,185.4,105.0,197.6,126.0,147.1,110.0,14.5,4.0,2.0
1,17.0,0,31.0,153.1,115.0,185.9,59.0,224.3,102.0,10.0,1.0,6.0
0,185.0,0,29.0,151.1,121.0,244.7,88.0,154.4,91.0,13.8,2.0,2.0
0,95.0,0,32.0,247.0,109.0,125.6,91.0,226.5,90.0,10.5,4.0,3.0
0,7.0,0,30.0,221.4,114.0,165.8,116.0,247.0,105.0,10.8,12.0,1.0
0,31.0,0,28.0,210.5,101.0,250.5,86.0,241.6,125.0,11.5,2.0,1.0
0,52.0,0,24.0,170.9,71.0,201.4,80.0,159.0,124.0,4.1,5.0,2.0
0,71.0,0,22.0,141.4,107.0,163.0,105.0,220.0,99.0,5.6,3.0,2.0
0,136.0,0,16.0,90.4,105.0,201.3,109.0,227.1,115.0,13.1,4.0,0.0
0,50.0,0,31.0,302.7,93.0,240.5,119.0,193.9,103.0,13.6,14.0,3.0
0,117.0,0,31.0,104.9,115.0,237.6,125.0,263.4,104.0,7.7,6.0,3.0
0,97.0,0,32.0,168.4,129.0,225.9,97.0,191.8,95.0,8.5,7.0,0.0
0,84.0,0,42.0,214.3,112.0,188.2,107.0,333.5,117.0,11.3,10.0,0.0
0,131.0,0,34.0,156.6,134.0,71.0,95.0,261.7,120.0,13.4,10.0,1.0
0,58.0,1,43.0,142.8,96.0,272.3,100.0,193.4,105.0,8.9,4.0,1.0
0,125.0,0,39.0,236.1,107.0,289.2,110.0,175.4,107.0,9.1,4.0,2.0
0,72.0,0,21.0,138.1,113.0,260.1,83.0,135.4,118.0,8.2,2.0,2.0
0,20.0,0,35.0,171.5,98.0,153.1,127.0,165.6,125.0,7.1,3.0,0.0
0,86.0,0,29.0,157.2,118.0,196.3,136.0,226.7,109.0,8.4,5.0,3.0
0,140.0,1,27.0,188.9,124.0,160.9,102.0,197.7,100.0,11.5,5.0,4.0
0,98.0,0,19.0,110.5,87.0,227.8,97.0,243.6,84.0,11.0,4.0,1.0
0,87.0,0,39.0,82.6,113.0,224.4,63.0,163.6,88.0,9.5,1.0,3.0
1,73.0,0,31.0,82.3,105.0,256.1,91.0,229.6,98.0,11.8,2.0,6.0
0,1.0,0,30.0,183.1,95.0,232.6,110.0,248.3,110.0,8.4,2.0,0.0
0,131.0,0,24.0,135.9,60.0,233.2,78.0,210.6,121.0,9.4,4.0,1.0
0,95.0,0,20.0,165.7,78.0,215.6,94.0,243.3,91.0,9.8,6.0,0.0
0,29.0,1,37.0,235.0,101.0,183.3,79.0,139.8,106.0,5.7,7.0,2.0
0,37.0,0,20.0,264.7,81.0,216.5,110.0,210.7,102.0,10.4,7.0,0.0
0,107.0,0,31.0,160.3,45.0,221.5,70.0,261.6,109.0,5.6,1.0,1.0
0,127.0,1,28.0,95.9,117.0,159.5,131.0,152.8,132.0,10.4,3.0,1.0
0,86.0,0,30.0,99.9,84.0,263.5,125.0,254.7,90.0,9.8,7.0,2.0
0,11.0,0,38.0,209.8,130.0,196.6,84.0,233.0,79.0,7.0,7.0,1.0
0,48.0,0,34.0,198.0,70.0,273.7,121.0,217.9,71.0,7.6,4.0,1.0
0,47.0,0,37.0,112.8,150.0,243.9,97.0,178.7,112.0,13.2,6.0,2.0
1,89.0,1,19.0,112.6,114.0,261.7,132.0,123.5,116.0,11.1,2.0,0.0
0,83.0,0,26.0,226.4,117.0,234.7,97.0,133.6,82.0,10.8,7.0,1.0
0,126.0,1,34.0,244.9,118.0,219.6,105.0,210.8,136.0,9.7,6.0,4.0
0,172.0,0,47.0,274.9,102.0,186.6,118.0,245.0,123.0,8.8,2.0,1.0
0,55.0,0,8.0,222.5,104.0,171.5,94.0,377.5,114.0,9.7,2.0,1.0
0,111.0,0,28.0,128.8,104.0,157.3,52.0,147.4,76.0,10.3,2.0,2.0
0,101.0,0,33.0,219.7,137.0,186.8,94.0,184.5,113.0,9.5,2.0,2.0
0,105.0,0,40.0,236.5,111.0,117.0,110.0,221.1,115.0,8.1,3.0,2.0
1,133.0,0,44.0,174.0,80.0,209.4,113.0,224.1,87.0,14.1,7.0,2.0
0,106.0,0,33.0,81.6,120.0,235.6,85.0,150.9,113.0,9.9,4.0,1.0
1,67.0,1,35.0,181.1,59.0,215.9,116.0,216.3,106.0,16.9,4.0,0.0
0,75.0,0,27.0,117.5,102.0,206.8,127.0,194.4,114.0,4.2,7.0,3.0
0,123.0,0,27.0,218.7,79.0,163.4,78.0,173.8,116.0,15.0,1.0,0.0
0,41.0,0,41.0,207.3,95.0,137.3,120.0,115.7,74.0,5.9,3.0,1.0
0,121.0,0,35.0,193.8,62.0,197.6,97.0,218.8,95.0,5.9,4.0,0.0
0,66.0,0,16.0,174.7,92.0,232.1,105.0,305.4,98.0,8.9,2.0,1.0
0,129.0,0,34.0,204.5,79.0,132.8,113.0,190.1,117.0,14.8,9.0,2.0
0,116.0,0,44.0,230.6,94.0,224.1,103.0,244.0,76.0,11.1,2.0,0.0
1,126.0,0,30.0,153.4,90.0,151.4,97.0,153.8,97.0,12.8,4.0,4.0
0,128.0,0,32.0,222.9,136.0,262.0,80.0,191.4,101.0,10.8,4.0,0.0
0,81.0,0,36.0,115.9,120.0,236.6,95.0,255.0,90.0,11.7,6.0,3.0
0,64.0,0,40.0,210.0,116.0,232.7,89.0,168.8,94.0,5.9,4.0,8.0
0,57.0,1,17.0,236.5,94.0,163.1,94.0,236.7,117.0,12.2,3.0,2.0
0,142.0,0,40.0,237.4,105.0,175.9,93.0,210.3,110.0,9.2,3.0,3.0
0,22.0,0,14.0,199.1,100.0,221.8,103.0,65.7,91.0,4.2,1.0,1.0
0,108.0,0,35.0,169.8,136.0,173.7,101.0,214.6,105.0,9.5,7.0,2.0
0,93.0,0,19.0,136.8,113.0,179.5,105.0,71.1,95.0,12.5,3.0,2.0
0,155.0,0,23.0,243.9,112.0,133.0,106.0,213.7,123.0,13.4,11.0,2.0
1,103.0,0,18.0,149.9,84.0,170.9,84.0,171.5,112.0,11.5,7.0,0.0
1,118.0,1,21.0,156.5,122.0,209.2,125.0,158.7,81.0,11.1,3.0,4.0
0,48.0,0,36.0,230.9,92.0,167.6,121.0,270.0,87.0,7.6,4.0,3.0
0,107.0,0,38.0,219.4,92.0,180.5,73.0,104.1,91.0,11.0,1.0,2.0
0,122.0,0,22.0,204.5,92.0,139.6,121.0,205.0,103.0,8.6,5.0,2.0
0,52.0,0,32.0,130.1,68.0,247.2,77.0,289.4,87.0,13.5,5.0,2.0
0,79.0,0,34.0,103.7,100.0,236.3,78.0,256.6,102.0,14.8,4.0,2.0
0,161.0,0,39.0,218.5,76.0,112.7,94.0,205.1,121.0,7.3,4.0,1.0
0,80.0,0,38.0,236.6,69.0,197.5,68.0,209.5,102.0,9.5,10.0,2.0
0,105.0,0,27.0,141.2,96.0,167.7,94.0,274.4,101.0,11.4,2.0,1.0
0,73.0,0,31.0,194.4,104.0,176.0,84.0,230.1,110.0,11.5,3.0,0.0
0,127.0,0,14.0,143.2,99.0,169.9,91.0,221.6,77.0,11.6,1.0,1.0
0,122.0,1,40.0,216.4,80.0,249.7,90.0,185.9,99.0,12.7,4.0,1.0
0,33.0,0,35.0,161.9,85.0,151.2,82.0,191.0,131.0,8.5,2.0,1.0
0,148.0,0,38.0,209.2,110.0,116.6,73.0,109.6,105.0,16.5,4.0,2.0
0,120.0,0,29.0,244.3,140.0,322.3,89.0,166.8,83.0,10.6,6.0,0.0
0,91.0,0,34.0,175.3,96.0,262.3,122.0,143.9,76.0,5.6,11.0,1.0
0,78.0,0,25.0,197.4,73.0,295.7,113.0,211.7,73.0,13.2,2.0,0.0
0,75.0,0,39.0,198.2,107.0,280.4,132.0,129.6,73.0,11.3,7.0,1.0
0,90.0,0,29.0,185.6,106.0,219.7,113.0,152.1,120.0,11.1,5.0,2.0
0,102.0,0,31.0,125.3,92.0,141.2,108.0,168.2,68.0,6.3,2.0,3.0
0,63.0,0,49.0,214.9,86.0,198.2,89.0,170.8,139.0,8.2,5.0,0.0
0,82.0,0,29.0,163.8,77.0,134.9,112.0,79.3,95.0,8.8,2.0,2.0
0,115.0,0,26.0,155.2,110.0,230.9,133.0,261.6,100.0,4.5,4.0,0.0
0,121.0,1,44.0,254.1,127.0,180.2,108.0,196.2,129.0,8.7,4.0,3.0
0,54.0,0,33.0,112.0,90.0,208.0,112.0,150.3,83.0,11.3,4.0,2.0
0,21.0,0,19.0,132.7,94.0,204.6,101.0,154.7,78.0,12.9,7.0,3.0
0,163.0,0,25.0,219.6,99.0,210.4,99.0,242.7,88.0,13.8,8.0,2.0
0,83.0,0,20.0,95.0,89.0,167.9,92.0,200.6,79.0,11.2,2.0,0.0
0,71.0,0,39.0,183.2,103.0,209.4,111.0,172.4,109.0,11.9,6.0,1.0
0,154.0,0,35.0,224.0,102.0,192.0,99.0,163.1,100.0,9.6,2.0,0.0
0,138.0,0,21.0,19.5,149.0,140.9,109.0,179.7,111.0,7.9,1.0,0.0
0,100.0,0,38.0,224.7,121.0,294.0,131.0,290.0,61.0,9.8,6.0,0.0
0,65.0,0,29.0,158.1,104.0,322.2,81.0,210.0,96.0,8.9,6.0,1.0
0,95.0,0,36.0,283.1,112.0,286.2,86.0,261.7,129.0,11.3,3.0,3.0
0,91.0,0,31.0,273.0,78.0,215.5,98.0,104.7,114.0,9.6,2.0,1.0
0,176.0,0,23.0,283.2,130.0,162.6,74.0,177.7,104.0,7.2,6.0,1.0
0,84.0,0,12.0,89.7,87.0,138.6,73.0,165.8,114.0,10.7,2.0,1.0
0,101.0,0,28.0,105.9,132.0,231.7,107.0,281.3,120.0,10.7,5.0,1.0
0,132.0,0,36.0,201.9,93.0,156.3,75.0,131.3,92.0,13.7,5.0,0.0
0,92.0,0,38.0,242.2,96.0,159.7,144.0,210.0,108.0,8.9,1.0,1.0
0,99.0,0,33.0,179.1,93.0,238.3,102.0,165.7,96.0,10.6,1.0,2.0
0,106.0,0,31.0,197.4,125.0,123.4,110.0,115.6,101.0,12.3,4.0,3.0
0,17.0,0,35.0,198.5,123.0,270.6,74.0,209.9,130.0,8.1,10.0,1.0
0,56.0,0,24.0,121.7,87.0,184.0,76.0,266.6,98.0,12.7,3.0,1.0
0,96.0,0,29.0,150.0,91.0,159.4,75.0,228.1,55.0,8.5,3.0,1.0
0,47.0,0,30.0,196.6,93.0,241.4,140.0,226.0,118.0,12.9,4.0,2.0
0,163.0,0,40.0,231.9,56.0,211.8,91.0,268.5,74.0,12.3,3.0,2.0
0,90.0,0,39.0,94.8,89.0,219.1,91.0,197.4,65.0,11.4,5.0,1.0
0,174.0,0,15.0,221.8,143.0,210.6,115.0,221.8,109.0,12.4,9.0,1.0
0,123.0,0,27.0,198.7,127.0,249.0,105.0,173.2,124.0,12.5,5.0,1.0
0,93.0,0,32.0,218.7,117.0,115.0,61.0,192.7,85.0,9.4,5.0,2.0
0,96.0,0,26.0,175.8,96.0,206.6,84.0,178.0,105.0,11.1,2.0,2.0
0,24.0,0,29.0,236.3,105.0,190.8,114.0,129.0,105.0,7.2,2.0,3.0
0,92.0,0,23.0,167.4,83.0,258.6,129.0,116.4,110.0,11.2,3.0,4.0
0,138.0,1,17.0,225.2,116.0,173.4,88.0,145.8,99.0,11.7,4.0,0.0
0,83.0,0,36.0,95.9,87.0,261.6,105.0,228.6,109.0,13.3,4.0,0.0
0,36.0,0,25.0,152.8,110.0,242.8,67.0,147.4,74.0,9.1,2.0,1.0
0,113.0,0,23.0,149.0,104.0,235.8,67.0,201.8,76.0,9.5,5.0,4.0
0,111.0,0,36.0,96.8,123.0,170.6,105.0,166.0,85.0,13.4,4.0,2.0
0,97.0,0,43.0,121.1,105.0,260.2,115.0,222.4,100.0,8.3,5.0,3.0
0,127.0,0,25.0,173.0,91.0,245.8,64.0,300.0,99.0,4.8,3.0,0.0
0,153.0,0,31.0,218.5,130.0,134.2,103.0,118.9,105.0,9.4,6.0,0.0
0,120.0,0,26.0,239.4,94.0,259.4,88.0,238.0,132.0,7.7,3.0,0.0
0,71.0,0,23.0,175.7,82.0,258.9,136.0,268.4,154.0,14.1,7.0,1.0
0,80.0,1,15.0,159.3,110.0,170.6,120.0,141.2,82.0,11.9,5.0,1.0
0,118.0,1,39.0,153.8,106.0,123.3,111.0,117.8,103.0,9.2,6.0,1.0
0,66.0,0,35.0,190.8,100.0,261.3,93.0,209.5,108.0,8.9,6.0,0.0
0,127.0,0,28.0,235.6,124.0,236.8,113.0,241.2,127.0,7.7,2.0,1.0
0,93.0,0,42.0,166.9,101.0,273.2,84.0,171.0,106.0,11.5,1.0,1.0
0,115.0,0,14.0,192.3,86.0,88.7,90.0,229.4,120.0,10.5,3.0,2.0
0,118.0,0,39.0,91.5,125.0,219.9,113.0,229.0,99.0,12.7,8.0,2.0
0,87.0,1,40.0,221.6,79.0,157.1,74.0,222.4,124.0,11.5,3.0,1.0
0,142.0,0,24.0,239.8,103.0,285.9,65.0,256.7,106.0,9.5,4.0,0.0
0,54.0,0,39.0,117.6,82.0,159.2,60.0,236.4,113.0,11.3,10.0,2.0
0,201.0,0,21.0,192.0,97.0,239.1,81.0,116.1,125.0,15.1,3.0,1.0
0,85.0,0,29.0,144.6,97.0,140.0,102.0,165.4,148.0,10.9,3.0,1.0
0,45.0,0,29.0,135.8,104.0,222.5,101.0,235.6,92.0,7.9,6.0,2.0
0,146.0,0,31.0,202.5,91.0,241.4,108.0,169.6,77.0,7.8,2.0,1.0
0,63.0,0,34.0,152.2,119.0,227.1,91.0,195.7,103.0,12.3,5.0,1.0
0,160.0,0,29.0,164.6,121.0,262.8,108.0,123.8,131.0,15.2,4.0,1.0
0,92.0,0,47.0,141.6,95.0,207.9,130.0,203.6,95.0,10.2,11.0,0.0
0,147.0,0,36.0,254.2,78.0,228.1,105.0,98.0,125.0,13.8,7.0,5.0
0,101.0,0,42.0,209.2,82.0,159.7,74.0,181.6,100.0,9.5,3.0,0.0
0,117.0,0,17.0,221.3,82.0,167.6,100.0,262.7,87.0,4.4,4.0,0.0
0,123.0,0,39.0,270.4,99.0,245.1,110.0,108.9,113.0,15.4,7.0,1.0
0,116.0,0,23.0,253.0,78.0,138.9,121.0,277.8,104.0,11.8,3.0,2.0
0,138.0,0,26.0,183.9,83.0,240.7,93.0,185.7,125.0,15.0,3.0,1.0
0,89.0,0,25.0,215.1,140.0,197.4,69.0,162.1,117.0,10.6,10.0,1.0
0,93.0,0,42.0,152.3,90.0,267.5,102.0,266.9,130.0,11.3,5.0,7.0
0,138.0,0,29.0,190.1,87.0,223.2,123.0,256.2,130.0,14.2,6.0,0.0
0,141.0,0,37.0,185.4,87.0,178.5,128.0,218.3,107.0,8.0,3.0,4.0
0,112.0,0,17.0,183.2,95.0,252.8,125.0,156.7,95.0,9.7,3.0,0.0
0,1.0,0,26.0,208.0,115.0,185.0,113.0,177.7,144.0,8.1,9.0,1.0
0,87.0,0,22.0,240.8,102.0,75.9,106.0,224.6,115.0,7.1,3.0,2.0
0,52.0,0,21.0,195.7,119.0,106.2,95.0,157.4,94.0,5.3,3.0,2.0
1,77.0,0,28.0,135.9,117.0,244.5,102.0,207.5,74.0,11.5,3.0,4.0
0,120.0,0,43.0,177.9,117.0,175.1,70.0,161.3,117.0,11.5,4.0,1.0
0,54.0,0,39.0,143.9,73.0,210.3,117.0,129.2,117.0,12.5,8.0,2.0
1,162.0,0,26.0,179.7,144.0,218.1,129.0,212.3,105.0,9.3,8.0,1.0
0,101.0,0,25.0,144.1,144.0,167.6,105.0,240.0,107.0,14.5,3.0,1.0
1,119.0,1,16.0,147.2,103.0,160.1,96.0,184.0,120.0,7.7,2.0,0.0
0,142.0,1,25.0,191.1,109.0,149.6,120.0,227.8,60.0,9.8,3.0,0.0
0,107.0,0,25.0,248.6,91.0,119.3,115.0,194.3,83.0,12.0,1.0,1.0
0,132.0,1,33.0,200.3,75.0,226.6,67.0,198.8,91.0,12.9,3.0,2.0
0,140.0,0,28.0,157.1,77.0,172.4,97.0,184.5,94.0,11.1,9.0,1.0
0,51.0,1,12.0,135.8,60.0,200.6,134.0,192.4,98.0,12.3,7.0,2.0
1,105.0,1,28.0,156.1,89.0,107.1,114.0,167.7,95.0,14.7,3.0,0.0
0,86.0,0,21.0,197.9,99.0,165.6,100.0,208.0,120.0,10.1,9.0,0.0
0,86.0,0,29.0,225.4,79.0,187.1,112.0,281.1,112.0,12.9,3.0,1.0
0,134.0,0,40.0,142.9,105.0,88.6,61.0,290.0,96.0,10.8,6.0,1.0
1,93.0,1,38.0,225.7,117.0,119.6,122.0,193.2,125.0,14.0,7.0,1.0
1,174.0,0,33.0,167.8,91.0,205.3,91.0,130.0,132.0,14.5,4.0,4.0
0,91.0,0,39.0,169.8,105.0,65.2,116.0,144.4,92.0,10.9,4.0,1.0
0,88.0,0,28.0,190.6,104.0,237.3,105.0,211.6,116.0,9.8,1.0,2.0
0,88.0,0,45.0,80.3,140.0,153.3,101.0,309.2,123.0,12.8,3.0,2.0
0,195.0,0,36.0,231.7,110.0,225.1,88.0,201.7,89.0,12.1,2.0,0.0
0,61.0,0,25.0,163.7,78.0,113.2,112.0,134.1,118.0,9.9,3.0,3.0
1,108.0,1,42.0,130.1,90.0,167.0,128.0,244.7,80.0,13.6,5.0,3.0
0,100.0,0,33.0,218.7,104.0,155.0,144.0,99.0,117.0,12.1,4.0,1.0
0,155.0,0,30.0,128.5,86.0,188.4,91.0,254.4,85.0,6.8,6.0,1.0
0,131.0,0,30.0,174.0,118.0,205.3,81.0,218.2,90.0,6.7,3.0,1.0
0,126.0,1,26.0,129.3,123.0,176.5,114.0,154.5,102.0,9.6,7.0,1.0
0,107.0,0,30.0,198.9,87.0,207.0,90.0,159.8,76.0,12.6,4.0,3.0
0,60.0,0,31.0,191.8,75.0,267.8,135.0,200.5,62.0,12.8,3.0,2.0
0,52.0,0,20.0,133.3,63.0,184.1,123.0,272.9,107.0,13.5,2.0,1.0
0,74.0,0,32.0,174.6,107.0,310.6,115.0,234.7,92.0,9.0,4.0,1.0
0,85.0,0,21.0,283.2,110.0,239.7,108.0,149.5,80.0,6.3,1.0,5.0
1,113.0,0,20.0,157.8,83.0,161.5,56.0,271.5,100.0,8.7,2.0,5.0
0,177.0,0,27.0,230.2,106.0,196.1,78.0,215.4,108.0,10.4,2.0,1.0
0,114.0,0,4.0,141.3,96.0,230.4,88.0,223.7,85.0,9.4,3.0,3.0
0,101.0,0,16.0,118.9,112.0,228.3,97.0,180.1,111.0,8.2,5.0,2.0
0,124.0,0,30.0,144.5,35.0,262.3,101.0,226.5,82.0,12.0,7.0,2.0
0,118.0,0,35.0,256.3,119.0,258.1,91.0,215.5,130.0,11.7,1.0,1.0
0,91.0,0,27.0,204.6,96.0,136.0,93.0,210.5,82.0,6.6,2.0,3.0
0,86.0,0,33.0,253.1,112.0,210.1,94.0,95.0,98.0,11.9,4.0,3.0
0,165.0,0,39.0,167.4,113.0,172.7,94.0,192.6,113.0,9.5,4.0,3.0
0,153.0,0,22.0,167.7,104.0,246.8,91.0,203.9,117.0,7.5,11.0,1.0
0,41.0,0,30.0,191.7,109.0,193.0,86.0,149.4,93.0,11.1,4.0,1.0
0,104.0,0,26.0,189.1,112.0,178.2,97.0,199.3,104.0,11.1,4.0,1.0
0,159.0,0,23.0,153.6,93.0,216.9,88.0,161.3,91.0,12.6,3.0,2.0
0,87.0,1,36.0,171.2,138.0,185.8,102.0,227.6,97.0,10.8,3.0,1.0
0,57.0,0,37.0,201.2,76.0,280.1,122.0,154.2,110.0,11.8,1.0,1.0
0,121.0,0,21.0,126.3,84.0,209.6,102.0,192.5,129.0,10.6,2.0,1.0
0,105.0,0,15.0,88.1,125.0,175.9,142.0,269.9,85.0,9.7,1.0,2.0
0,105.0,0,34.0,218.5,61.0,196.7,74.0,151.1,103.0,9.9,4.0,2.0
0,51.0,0,26.0,236.8,61.0,263.4,97.0,181.1,91.0,11.2,8.0,1.0
0,80.0,1,30.0,184.2,132.0,167.5,109.0,212.8,114.0,10.0,10.0,0.0
0,164.0,0,27.0,159.7,102.0,168.8,113.0,244.1,127.0,9.6,9.0,3.0
0,116.0,0,27.0,204.7,118.0,209.4,91.0,212.9,67.0,7.0,2.0,2.0
0,9.0,0,16.0,88.5,87.0,178.8,108.0,228.7,96.0,11.5,3.0,2.0
0,127.0,0,25.0,203.8,118.0,267.1,48.0,225.1,105.0,7.3,5.0,0.0
0,125.0,0,34.0,268.4,112.0,222.2,108.0,117.6,102.0,10.3,3.0,0.0
0,121.0,0,26.0,170.4,91.0,254.5,90.0,219.6,122.0,15.1,5.0,0.0
0,73.0,0,28.0,198.2,107.0,139.1,123.0,199.1,139.0,8.8,1.0,2.0
0,65.0,0,23.0,224.2,106.0,189.6,100.0,222.8,75.0,9.8,4.0,0.0
0,136.0,0,24.0,174.6,76.0,176.6,114.0,214.4,91.0,8.8,5.0,2.0
0,106.0,0,37.0,223.5,104.0,235.1,99.0,140.1,90.0,10.6,5.0,2.0
0,94.0,0,28.0,233.2,88.0,113.3,102.0,118.0,71.0,16.1,4.0,0.0
0,112.0,0,30.0,60.6,113.0,165.9,96.0,132.8,99.0,13.3,7.0,0.0
1,128.0,1,18.0,222.1,89.0,160.6,109.0,218.8,102.0,13.6,2.0,0.0
0,114.0,0,19.0,154.6,100.0,241.6,109.0,160.0,112.0,12.6,1.0,3.0
0,102.0,0,25.0,137.4,100.0,176.7,83.0,188.2,93.0,10.2,6.0,2.0
0,69.0,0,27.0,268.8,78.0,246.6,89.0,271.9,102.0,16.4,3.0,0.0
0,127.0,0,27.0,140.1,59.0,223.4,111.0,257.9,73.0,3.8,10.0,1.0
0,73.0,0,26.0,131.2,98.0,106.5,97.0,221.7,96.0,10.2,6.0,2.0
0,146.0,0,23.0,149.6,96.0,239.8,124.0,293.5,135.0,7.4,4.0,2.0
0,52.0,0,31.0,142.1,77.0,193.0,97.0,253.4,88.0,11.0,4.0,1.0
0,129.0,0,31.0,193.0,99.0,224.8,87.0,197.6,91.0,10.3,8.0,2.0
0,98.0,0,29.0,111.1,105.0,217.9,101.0,248.1,108.0,6.6,3.0,2.0
0,120.0,0,33.0,299.5,83.0,163.4,84.0,146.7,88.0,11.6,5.0,0.0
0,155.0,1,26.0,211.7,121.0,139.2,123.0,146.7,89.0,11.1,3.0,1.0
0,136.0,0,35.0,205.5,86.0,298.5,119.0,214.2,104.0,6.9,4.0,1.0
0,54.0,0,24.0,92.3,88.0,193.1,98.0,99.3,119.0,11.6,3.0,2.0
0,157.0,0,29.0,219.2,102.0,206.0,109.0,192.4,117.0,15.0,5.0,1.0
0,170.0,0,37.0,178.1,130.0,242.8,103.0,243.0,93.0,13.0,4.0,0.0
0,92.0,0,31.0,172.3,116.0,266.2,91.0,228.2,90.0,11.8,5.0,1.0
0,88.0,0,27.0,93.4,106.0,252.0,92.0,189.0,104.0,10.9,1.0,1.0
0,136.0,1,29.0,85.2,98.0,230.4,85.0,243.6,104.0,9.0,3.0,2.0
0,68.0,0,34.0,160.0,72.0,184.5,119.0,208.3,101.0,6.1,10.0,1.0
0,132.0,0,10.0,182.9,54.0,292.4,68.0,142.3,116.0,11.5,4.0,0.0
0,112.0,1,16.0,200.3,72.0,197.8,91.0,151.1,92.0,10.4,3.0,1.0
0,112.0,0,27.0,213.0,121.0,226.2,101.0,189.8,99.0,11.1,3.0,4.0
0,8.0,0,36.0,242.9,67.0,170.9,59.0,177.3,130.0,4.8,12.0,1.0
0,137.0,0,22.0,189.6,42.0,179.0,137.0,179.6,126.0,11.4,5.0,2.0
0,94.0,0,28.0,92.7,107.0,127.8,86.0,225.6,86.0,9.9,4.0,3.0
0,97.0,0,24.0,176.1,109.0,159.4,81.0,269.1,94.0,12.1,9.0,0.0
0,83.0,0,25.0,191.3,95.0,250.7,136.0,249.4,86.0,17.6,5.0,2.0
0,66.0,0,33.0,88.8,104.0,109.6,94.0,172.7,107.0,7.1,9.0,3.0
0,117.0,0,13.0,207.6,65.0,152.7,77.0,232.8,95.0,9.7,3.0,1.0
0,56.0,0,29.0,37.7,115.0,144.1,111.0,226.6,101.0,4.9,3.0,1.0
0,65.0,0,29.0,215.5,129.0,161.9,77.0,128.3,91.0,8.8,5.0,2.0
0,152.0,0,20.0,239.1,105.0,209.1,111.0,268.2,130.0,13.3,3.0,5.0
0,97.0,0,28.0,202.3,97.0,69.2,84.0,257.6,64.0,6.7,3.0,1.0
0,85.0,0,33.0,207.9,95.0,233.5,88.0,221.3,92.0,13.5,3.0,1.0
0,210.0,0,31.0,313.8,87.0,147.7,103.0,192.7,97.0,10.1,7.0,3.0
0,88.0,1,25.0,288.5,114.0,203.4,74.0,228.4,117.0,13.0,5.0,1.0
0,154.0,0,35.0,64.9,76.0,184.1,91.0,151.6,75.0,14.6,1.0,1.0
0,32.0,0,26.0,243.5,137.0,236.8,108.0,173.3,149.0,9.0,9.0,1.0
0,126.0,0,31.0,278.0,88.0,253.2,65.0,223.2,114.0,8.7,4.0,0.0
0,144.0,0,37.0,219.9,102.0,222.1,77.0,118.5,111.0,10.0,4.0,1.0
0,86.0,0,16.0,145.7,88.0,191.0,129.0,215.5,82.0,11.3,7.0,0.0
0,138.0,0,37.0,75.8,102.0,173.6,147.0,162.6,96.0,8.2,13.0,0.0
0,74.0,0,31.0,249.4,70.0,209.5,59.0,180.6,75.0,9.9,2.0,4.0
0,38.0,0,25.0,142.4,106.0,313.7,109.0,126.6,117.0,13.4,6.0,2.0
0,107.0,0,38.0,204.2,57.0,205.9,92.0,286.5,80.0,8.3,4.0,0.0
0,118.0,0,42.0,148.7,105.0,167.3,105.0,270.6,105.0,10.4,7.0,0.0
0,98.0,1,23.0,245.5,54.0,292.7,83.0,184.0,90.0,10.8,7.0,1.0
0,59.0,1,31.0,225.0,78.0,191.3,79.0,226.7,79.0,9.1,3.0,1.0
0,100.0,0,27.0,221.7,100.0,236.1,70.0,192.7,91.0,8.0,4.0,0.0
0,93.0,0,32.0,116.9,120.0,232.4,97.0,127.7,112.0,11.0,9.0,0.0
0,61.0,0,33.0,270.7,53.0,200.7,116.0,201.7,102.0,10.9,3.0,3.0
0,148.0,0,25.0,230.7,102.0,233.8,109.0,215.8,90.0,13.5,2.0,3.0
0,43.0,0,35.0,200.2,105.0,244.4,88.0,207.2,97.0,11.6,4.0,3.0
0,83.0,0,30.0,272.5,105.0,253.0,83.0,180.8,123.0,8.7,6.0,3.0
0,109.0,0,35.0,230.5,116.0,265.8,130.0,269.7,69.0,10.6,6.0,5.0
0,46.0,0,34.0,191.4,102.0,361.8,96.0,147.5,132.0,7.2,2.0,1.0
0,122.0,0,37.0,163.0,107.0,312.8,118.0,200.0,85.0,11.6,5.0,1.0
0,101.0,0,17.0,193.9,71.0,189.8,81.0,196.3,97.0,12.6,7.0,0.0
1,68.0,1,29.0,195.5,113.0,171.6,96.0,204.0,85.0,13.5,9.0,1.0
0,149.0,0,20.0,264.4,102.0,219.6,123.0,200.4,89.0,11.3,3.0,2.0
0,71.0,0,31.0,115.4,90.0,217.4,78.0,239.9,102.0,13.1,4.0,1.0
0,54.0,0,33.0,161.8,73.0,273.0,58.0,153.9,76.0,13.7,4.0,0.0
0,112.0,0,29.0,198.8,122.0,238.6,114.0,289.5,69.0,11.5,5.0,1.0
0,122.0,0,45.0,147.8,85.0,147.4,93.0,203.5,110.0,14.0,5.0,1.0
1,101.0,0,36.0,123.7,125.0,172.6,106.0,280.5,127.0,8.8,4.0,1.0
0,64.0,0,22.0,200.4,80.0,131.1,84.0,230.7,67.0,7.6,5.0,1.0
0,68.0,0,30.0,122.9,93.0,233.5,91.0,199.5,144.0,9.6,2.0,2.0
1,108.0,0,32.0,209.5,108.0,109.6,64.0,189.7,145.0,9.1,6.0,6.0
0,130.0,0,19.0,152.9,87.0,213.2,99.0,205.3,114.0,10.8,6.0,2.0
0,139.0,0,25.0,138.3,96.0,80.6,79.0,163.7,83.0,8.3,8.0,0.0
0,99.0,1,39.0,126.8,94.0,293.6,115.0,174.1,91.0,8.4,4.0,0.0
1,77.0,0,33.0,143.0,101.0,212.2,102.0,104.9,120.0,15.3,4.0,5.0
1,92.0,0,29.0,201.3,130.0,203.7,115.0,129.9,113.0,6.4,6.0,1.0
1,139.0,1,31.0,203.5,82.0,200.3,72.0,214.0,112.0,13.4,6.0,1.0
0,183.0,0,8.0,86.5,119.0,285.2,97.0,180.4,133.0,8.7,2.0,2.0
0,38.0,0,36.0,115.4,98.0,166.2,83.0,184.7,79.0,15.2,6.0,2.0
0,97.0,0,15.0,117.6,97.0,196.3,126.0,157.4,113.0,6.4,3.0,1.0
0,55.0,0,28.0,105.3,82.0,197.4,109.0,187.5,91.0,8.6,6.0,2.0
0,101.0,0,21.0,238.0,88.0,209.6,84.0,233.0,95.0,10.0,5.0,2.0
0,120.0,0,40.0,128.1,99.0,247.7,78.0,199.7,121.0,15.6,3.0,0.0
0,183.0,0,31.0,171.2,104.0,193.6,74.0,196.5,85.0,10.2,4.0,1.0
0,112.0,0,23.0,286.6,79.0,315.3,102.0,193.9,101.0,10.3,6.0,1.0
1,105.0,0,31.0,109.6,108.0,249.3,119.0,321.2,101.0,8.3,4.0,4.0
0,111.0,0,13.0,193.1,104.0,111.6,98.0,227.4,94.0,12.1,4.0,1.0
0,82.0,0,34.0,232.6,121.0,153.2,115.0,286.7,77.0,4.7,3.0,3.0
0,121.0,0,31.0,263.1,70.0,279.3,118.0,127.1,143.0,9.7,4.0,5.0
0,134.0,0,38.0,214.4,93.0,211.7,57.0,165.0,79.0,10.0,8.0,1.0
0,130.0,0,45.0,174.5,120.0,217.5,95.0,220.3,67.0,12.2,2.0,1.0
0,163.0,0,23.0,224.0,126.0,233.5,89.0,293.9,104.0,8.8,4.0,1.0
0,146.0,0,11.0,180.7,82.0,173.7,90.0,231.5,89.0,10.1,4.0,2.0
0,125.0,0,32.0,96.5,109.0,145.8,109.0,174.4,82.0,9.4,2.0,1.0
0,83.0,0,38.0,107.9,90.0,140.4,94.0,253.6,79.0,10.5,2.0,0.0
1,152.0,1,41.0,146.8,128.0,285.6,96.0,213.6,80.0,4.3,2.0,1.0
0,95.0,0,23.0,160.3,87.0,202.4,101.0,191.1,122.0,7.4,3.0,0.0
0,66.0,0,40.0,141.7,87.0,268.3,89.0,241.3,68.0,8.5,7.0,0.0
0,80.0,0,22.0,196.4,115.0,150.3,109.0,176.2,75.0,9.3,1.0,0.0
0,123.0,0,34.0,305.2,80.0,156.5,109.0,280.0,81.0,13.2,7.0,1.0
1,116.0,1,29.0,162.3,91.0,279.3,79.0,192.7,131.0,11.7,2.0,3.0
0,67.0,0,30.0,186.2,117.0,286.7,76.0,164.3,113.0,12.9,3.0,2.0
0,141.0,0,39.0,116.9,127.0,276.5,88.0,289.9,125.0,12.3,2.0,0.0
0,79.0,0,17.0,236.7,95.0,263.5,56.0,259.6,107.0,12.0,4.0,1.0
0,148.0,0,21.0,262.9,135.0,149.5,96.0,140.5,109.0,8.1,4.0,1.0
0,143.0,0,22.0,141.8,116.0,167.3,99.0,178.1,130.0,7.8,3.0,1.0
0,79.0,0,32.0,50.6,62.0,201.4,87.0,146.8,121.0,4.2,4.0,2.0
0,121.0,0,41.0,215.5,95.0,241.8,92.0,147.0,108.0,9.6,3.0,1.0
0,117.0,0,20.0,205.7,98.0,136.1,107.0,159.4,147.0,8.7,3.0,2.0
0,62.0,0,42.0,137.3,95.0,184.2,94.0,231.4,70.0,10.2,3.0,0.0
0,127.0,0,19.0,129.7,115.0,160.8,101.0,265.0,63.0,12.2,3.0,2.0
0,123.0,0,28.0,124.7,105.0,250.4,78.0,216.4,128.0,7.8,8.0,1.0
1,138.0,1,28.0,211.2,117.0,312.5,98.0,178.0,118.0,10.7,2.0,3.0
0,90.0,0,24.0,71.2,82.0,181.6,103.0,186.9,111.0,12.9,1.0,1.0
0,120.0,0,28.0,215.8,123.0,285.2,76.0,192.1,78.0,6.9,3.0,1.0
0,117.0,0,21.0,153.2,112.0,263.3,110.0,135.0,85.0,11.9,7.0,1.0
0,115.0,0,29.0,222.6,81.0,190.3,109.0,201.2,87.0,11.5,2.0,1.0
0,143.0,0,33.0,141.4,130.0,186.4,114.0,210.0,111.0,7.7,6.0,1.0
0,64.0,0,43.0,118.4,100.0,144.1,108.0,158.1,91.0,8.5,6.0,1.0
0,57.0,0,33.0,193.4,105.0,231.6,79.0,226.2,90.0,11.1,11.0,2.0
0,53.0,0,37.0,167.3,99.0,194.7,99.0,236.7,112.0,12.0,9.0,2.0
0,129.0,0,30.0,177.3,95.0,211.8,102.0,240.2,108.0,9.3,7.0,3.0
0,85.0,0,30.0,173.1,107.0,247.2,101.0,158.7,104.0,11.5,5.0,1.0
0,78.0,0,13.0,281.2,93.0,178.2,101.0,244.2,129.0,6.4,5.0,2.0
0,147.0,0,38.0,243.4,126.0,273.8,109.0,282.9,91.0,14.1,8.0,2.0
0,81.0,0,46.0,168.3,124.0,270.9,103.0,222.5,98.0,6.7,2.0,4.0
0,116.0,0,24.0,232.9,90.0,152.1,94.0,344.3,82.0,10.7,6.0,1.0
0,69.0,0,37.0,155.0,98.0,142.4,105.0,143.7,117.0,5.9,4.0,1.0
0,165.0,0,33.0,111.6,140.0,213.3,111.0,267.6,115.0,16.0,3.0,0.0
0,116.0,1,27.0,175.5,137.0,210.6,60.0,294.8,121.0,6.9,5.0,1.0
1,147.0,1,35.0,157.5,109.0,189.6,67.0,227.0,76.0,11.1,2.0,3.0
0,84.0,0,35.0,207.5,138.0,201.0,116.0,164.5,107.0,7.5,16.0,4.0
0,86.0,0,16.0,144.8,105.0,206.2,111.0,255.4,117.0,11.6,2.0,4.0
0,90.0,0,27.0,156.7,51.0,236.5,118.0,123.2,111.0,12.6,6.0,2.0
1,141.0,0,32.0,322.4,92.0,283.2,107.0,209.5,111.0,6.7,3.0,1.0
0,163.0,0,22.0,215.1,91.0,138.9,102.0,146.2,109.0,12.4,2.0,2.0
0,89.0,0,35.0,174.4,108.0,196.7,100.0,127.4,74.0,11.8,3.0,1.0
0,63.0,0,33.0,184.2,111.0,312.6,89.0,264.0,55.0,12.2,4.0,1.0
0,105.0,0,24.0,274.7,99.0,193.5,118.0,299.6,109.0,10.8,3.0,3.0
0,68.0,1,39.0,142.0,140.0,241.6,89.0,302.0,72.0,11.3,5.0,1.0
0,63.0,1,21.0,151.5,99.0,147.8,89.0,210.4,114.0,10.0,4.0,1.0
0,131.0,0,23.0,170.8,145.0,236.7,93.0,294.5,100.0,12.7,1.0,1.0
0,155.0,0,30.0,61.6,103.0,255.1,110.0,225.9,96.0,12.4,5.0,1.0
1,188.0,1,26.0,198.8,115.0,166.6,67.0,198.5,118.0,14.4,3.0,1.0
0,136.0,0,27.0,187.7,84.0,221.0,147.0,145.7,110.0,10.0,4.0,3.0
0,155.0,0,21.0,195.9,91.0,213.9,84.0,88.2,111.0,8.6,4.0,0.0
0,116.0,0,12.0,221.0,108.0,151.0,118.0,179.0,80.0,9.0,6.0,2.0
0,122.0,0,28.0,166.0,62.0,233.9,88.0,170.1,84.0,7.7,3.0,2.0
0,92.0,0,44.0,152.0,95.0,274.9,73.0,162.4,121.0,10.0,1.0,2.0
1,125.0,1,29.0,260.8,81.0,163.7,112.0,271.7,117.0,17.0,6.0,1.0
0,134.0,0,41.0,162.0,82.0,324.7,77.0,160.1,112.0,11.9,5.0,0.0
0,152.0,0,20.0,214.6,108.0,96.6,82.0,170.7,145.0,7.9,5.0,1.0
0,193.0,0,31.0,71.2,58.0,124.7,105.0,155.5,108.0,11.7,3.0,0.0
0,116.0,0,24.0,183.6,138.0,203.8,90.0,166.9,89.0,6.0,3.0,2.0
0,189.0,0,30.0,155.2,116.0,195.5,50.0,170.1,108.0,15.4,6.0,1.0
0,97.0,0,28.0,283.1,93.0,185.4,98.0,312.8,78.0,6.1,8.0,1.0
0,137.0,0,50.0,186.5,94.0,178.0,106.0,215.6,100.0,12.1,4.0,2.0
0,142.0,0,38.0,163.3,104.0,136.0,114.0,249.1,127.0,4.3,6.0,0.0
0,119.0,0,19.0,178.1,110.0,212.8,100.0,226.3,123.0,10.0,6.0,1.0
0,101.0,0,24.0,114.1,95.0,161.5,86.0,176.3,90.0,13.0,9.0,2.0
0,156.0,0,27.0,192.3,137.0,199.9,115.0,244.2,112.0,14.8,8.0,1.0
0,145.0,1,30.0,175.3,107.0,153.3,116.0,233.6,85.0,11.1,3.0,1.0
1,90.0,1,26.0,169.0,104.0,188.8,104.0,213.3,76.0,13.3,3.0,0.0
0,127.0,0,27.0,2.6,113.0,254.0,102.0,242.7,156.0,9.2,5.0,3.0
0,101.0,0,9.0,160.1,116.0,210.0,121.0,139.1,65.0,10.8,9.0,0.0
0,145.0,0,31.0,216.0,94.0,225.1,123.0,234.7,109.0,10.7,1.0,2.0
1,61.0,0,40.0,105.0,78.0,180.6,100.0,174.1,115.0,10.2,2.0,2.0
0,55.0,0,39.0,139.3,101.0,178.3,117.0,246.5,104.0,8.1,1.0,3.0
0,96.0,0,23.0,183.1,88.0,147.4,89.0,350.2,108.0,11.3,7.0,1.0
0,116.0,0,19.0,155.7,104.0,185.4,118.0,192.7,116.0,8.2,2.0,3.0
0,123.0,0,23.0,245.0,88.0,265.0,105.0,239.7,108.0,14.9,3.0,2.0
0,106.0,0,9.0,88.5,100.0,324.8,109.0,79.9,86.0,8.2,4.0,3.0
0,121.0,0,44.0,116.0,85.0,150.1,120.0,246.8,98.0,12.0,2.0,1.0
0,84.0,0,30.0,106.5,65.0,225.7,108.0,188.6,61.0,5.7,3.0,2.0
0,67.0,0,31.0,175.2,68.0,199.2,73.0,219.8,99.0,13.2,6.0,1.0
1,134.0,0,34.0,247.2,105.0,225.5,133.0,186.3,76.0,6.1,5.0,2.0
1,62.0,1,32.0,218.4,93.0,236.7,132.0,192.2,137.0,13.2,3.0,0.0
0,120.0,0,24.0,227.5,81.0,234.9,71.0,166.4,128.0,9.0,13.0,1.0
0,130.0,0,30.0,185.0,117.0,249.5,141.0,157.8,103.0,7.4,7.0,0.0
0,79.0,0,17.0,167.9,114.0,243.7,93.0,211.9,114.0,9.1,2.0,1.0
1,109.0,0,29.0,111.2,90.0,263.5,98.0,224.7,128.0,9.0,6.0,6.0
0,47.0,0,27.0,165.0,89.0,127.3,118.0,284.4,95.0,7.7,4.0,2.0
0,59.0,0,27.0,127.4,110.0,103.3,99.0,164.2,73.0,9.1,3.0,0.0
0,107.0,0,27.0,283.4,104.0,224.1,152.0,241.3,63.0,14.4,7.0,2.0
0,166.0,1,28.0,175.8,126.0,253.6,76.0,128.5,72.0,11.4,5.0,1.0
0,114.0,0,25.0,129.0,77.0,290.0,110.0,177.1,110.0,11.6,5.0,1.0
0,90.0,0,42.0,193.3,66.0,263.3,85.0,214.4,97.0,11.1,4.0,0.0
0,82.0,0,33.0,137.8,95.0,235.5,128.0,268.1,70.0,11.0,6.0,2.0
0,120.0,0,23.0,221.9,114.0,254.7,84.0,250.5,117.0,7.2,5.0,2.0
0,74.0,0,27.0,154.1,122.0,195.3,150.0,276.7,86.0,13.2,2.0,4.0
0,130.0,0,26.0,257.2,108.0,224.3,122.0,204.0,118.0,12.6,4.0,1.0
0,96.0,0,33.0,183.3,115.0,201.4,87.0,177.4,84.0,10.4,15.0,3.0
0,178.0,0,35.0,175.4,88.0,190.0,65.0,138.7,94.0,10.5,3.0,2.0
0,108.0,0,41.0,171.6,110.0,136.1,78.0,183.4,103.0,10.8,7.0,0.0
0,121.0,0,20.0,211.9,110.0,215.1,120.0,238.5,107.0,9.4,2.0,0.0
0,119.0,1,32.0,173.0,101.0,209.4,93.0,231.1,91.0,12.2,4.0,0.0
0,105.0,0,21.0,147.0,112.0,197.3,43.0,267.4,93.0,8.7,3.0,2.0
0,141.0,0,28.0,308.0,123.0,247.8,128.0,152.9,103.0,7.4,3.0,1.0
0,75.0,0,19.0,210.3,90.0,241.8,87.0,215.7,102.0,13.1,3.0,4.0
0,126.0,0,24.0,58.9,125.0,305.5,90.0,158.9,73.0,12.1,6.0,0.0
1,97.0,0,32.0,90.0,87.0,276.3,113.0,185.2,107.0,8.6,6.0,2.0
0,105.0,0,20.0,186.9,114.0,256.3,91.0,334.7,104.0,8.9,2.0,1.0
0,123.0,0,32.0,212.3,77.0,251.5,78.0,208.7,85.0,6.6,2.0,3.0
0,185.0,0,19.0,157.3,123.0,257.7,94.0,190.4,107.0,9.6,6.0,0.0
0,1.0,0,26.0,146.6,68.0,172.8,67.0,173.8,113.0,10.0,2.0,1.0
0,91.0,0,20.0,146.1,98.0,277.4,104.0,137.7,100.0,6.2,3.0,1.0
0,134.0,0,50.0,208.8,130.0,132.9,104.0,136.7,107.0,11.1,4.0,2.0
0,148.0,0,36.0,77.6,141.0,207.0,60.0,255.7,115.0,10.9,2.0,1.0
0,103.0,0,34.0,138.8,80.0,142.0,108.0,183.8,77.0,11.8,7.0,1.0
0,150.0,0,27.0,209.8,112.0,155.0,80.0,251.5,111.0,7.2,6.0,0.0
0,134.0,0,32.0,80.3,94.0,199.9,124.0,170.8,117.0,16.6,3.0,0.0
0,80.0,0,36.0,190.3,115.0,256.6,78.0,214.9,145.0,3.8,4.0,1.0
1,85.0,0,17.0,89.8,88.0,233.2,75.0,165.7,116.0,9.3,7.0,4.0
0,61.0,0,15.0,252.4,106.0,187.8,69.0,259.6,137.0,10.0,3.0,2.0
0,97.0,0,32.0,183.4,94.0,269.1,120.0,203.5,38.0,6.7,4.0,5.0
0,87.0,0,19.0,165.8,122.0,186.9,89.0,249.7,78.0,0.0,0.0,1.0
0,65.0,0,34.0,208.8,119.0,142.1,106.0,214.6,87.0,12.5,4.0,4.0
0,125.0,0,23.0,120.5,104.0,227.8,115.0,158.5,100.0,10.2,3.0,1.0
0,96.0,0,40.0,108.6,90.0,206.4,154.0,126.3,118.0,13.4,4.0,0.0
0,112.0,0,31.0,225.2,89.0,256.8,117.0,249.7,87.0,11.5,1.0,4.0
0,137.0,0,19.0,175.3,96.0,241.3,146.0,211.4,109.0,7.8,2.0,0.0
0,82.0,0,19.0,146.5,73.0,246.4,65.0,199.0,114.0,4.1,4.0,1.0
0,55.0,0,20.0,207.7,91.0,199.7,113.0,216.5,110.0,7.3,1.0,1.0
1,98.0,0,36.0,168.0,81.0,163.2,125.0,172.7,120.0,8.0,2.0,6.0
0,113.0,0,30.0,183.8,102.0,183.4,123.0,235.0,52.0,11.6,7.0,0.0
0,149.0,0,20.0,147.8,132.0,276.8,94.0,149.9,110.0,10.2,6.0,0.0
0,90.0,0,22.0,124.5,94.0,231.7,90.0,222.2,108.0,6.4,12.0,1.0
1,147.0,0,35.0,197.3,134.0,141.1,99.0,212.1,90.0,10.1,4.0,2.0
0,89.0,0,12.0,188.0,105.0,151.3,107.0,201.9,132.0,10.5,3.0,2.0
0,47.0,0,28.0,172.9,109.0,137.6,94.0,203.8,109.0,8.3,6.0,1.0
0,182.0,0,24.0,128.1,104.0,143.4,127.0,191.0,98.0,11.6,3.0,1.0
0,69.0,0,31.0,194.9,63.0,191.6,90.0,153.0,129.0,13.2,2.0,2.0
0,113.0,0,34.0,44.9,63.0,134.2,82.0,168.4,118.0,13.3,3.0,1.0
0,87.0,0,30.0,262.8,114.0,215.8,130.0,154.8,88.0,7.8,2.0,0.0
0,32.0,0,31.0,232.8,97.0,183.5,111.0,206.8,111.0,13.0,2.0,0.0
0,133.0,0,39.0,239.9,107.0,253.8,77.0,128.7,85.0,6.7,3.0,5.0
0,103.0,0,37.0,153.5,78.0,241.9,108.0,244.7,110.0,10.6,3.0,1.0
0,132.0,0,25.0,113.2,96.0,269.9,107.0,229.1,87.0,7.1,7.0,2.0
0,127.0,0,23.0,182.0,80.0,216.1,85.0,156.9,82.0,9.8,4.0,1.0
0,123.0,0,33.0,146.6,87.0,114.8,59.0,220.4,99.0,2.9,7.0,0.0
1,103.0,0,35.0,110.5,101.0,208.3,81.0,87.4,77.0,13.9,2.0,4.0
0,123.0,0,22.0,197.6,105.0,80.0,86.0,120.8,82.0,15.6,12.0,2.0
0,78.0,0,32.0,210.3,116.0,192.2,83.0,246.1,92.0,10.8,4.0,6.0
0,101.0,0,28.0,220.3,96.0,285.8,72.0,203.0,111.0,9.4,6.0,4.0
0,67.0,0,34.0,161.7,114.0,207.6,115.0,205.7,114.0,9.2,4.0,0.0
0,75.0,0,42.0,248.9,93.0,170.8,108.0,104.5,91.0,11.2,8.0,1.0
0,121.0,0,28.0,110.0,94.0,141.5,76.0,237.3,87.0,6.4,3.0,2.0
0,116.0,0,35.0,118.0,103.0,167.2,106.0,205.7,102.0,11.8,2.0,2.0
0,114.0,0,31.0,222.8,98.0,180.5,105.0,151.3,101.0,13.0,4.0,0.0
0,63.0,0,25.0,190.0,137.0,116.6,76.0,141.5,110.0,12.2,2.0,1.0
0,122.0,0,29.0,195.4,83.0,268.2,93.0,168.0,95.0,8.4,6.0,3.0
0,78.0,0,21.0,160.6,85.0,223.1,79.0,124.0,92.0,9.5,1.0,2.0
0,148.0,0,26.0,158.7,91.0,160.5,127.0,218.3,88.0,9.9,3.0,1.0
0,110.0,0,34.0,192.3,114.0,129.3,114.0,136.3,102.0,6.3,12.0,1.0
0,84.0,0,38.0,193.0,106.0,153.6,106.0,260.4,87.0,7.4,5.0,2.0
0,181.0,0,40.0,105.2,61.0,341.3,79.0,165.7,97.0,6.3,3.0,2.0
0,102.0,0,29.0,214.7,86.0,314.3,109.0,280.2,110.0,14.3,2.0,0.0
0,100.0,0,29.0,213.6,127.0,175.9,82.0,207.2,100.0,8.9,3.0,1.0
0,70.0,0,30.0,143.4,72.0,170.0,92.0,127.9,68.0,9.4,4.0,3.0
0,181.0,0,27.0,190.3,93.0,249.0,127.0,215.7,82.0,10.6,4.0,1.0
0,118.0,0,36.0,294.9,106.0,165.7,115.0,189.2,63.0,9.8,5.0,3.0
0,107.0,0,32.0,134.2,101.0,211.9,145.0,167.6,138.0,8.2,5.0,1.0
0,100.0,0,32.0,125.2,123.0,230.9,101.0,192.0,106.0,12.6,9.0,3.0
0,63.0,0,13.0,214.2,61.0,181.2,88.0,174.0,68.0,10.3,2.0,0.0
0,119.0,0,26.0,132.0,100.0,173.3,121.0,203.5,108.0,11.6,5.0,1.0
0,98.0,0,30.0,110.3,71.0,182.4,108.0,183.8,88.0,11.0,8.0,2.0
0,31.0,0,28.0,171.8,116.0,240.7,125.0,245.5,80.0,10.6,7.0,1.0
0,129.0,0,32.0,211.0,99.0,155.1,89.0,234.8,96.0,11.4,5.0,1.0
0,131.0,0,33.0,177.1,100.0,194.0,85.0,253.4,124.0,5.2,5.0,1.0
0,96.0,0,21.0,247.6,95.0,256.3,150.0,158.6,72.0,10.8,6.0,2.0
0,77.0,0,17.0,204.9,84.0,201.0,102.0,219.7,97.0,11.3,5.0,0.0
0,75.0,0,24.0,225.5,119.0,182.0,108.0,270.9,106.0,9.4,2.0,3.0
0,115.0,0,16.0,133.3,110.0,185.7,111.0,161.5,113.0,5.6,4.0,2.0
0,108.0,0,25.0,170.7,88.0,109.9,113.0,165.7,99.0,8.7,1.0,3.0
0,107.0,0,36.0,96.3,83.0,179.6,91.0,166.3,121.0,10.3,2.0,1.0
0,93.0,0,31.0,237.2,85.0,213.1,100.0,192.7,87.0,10.7,4.0,1.0
0,34.0,0,14.0,151.5,100.0,248.7,126.0,199.8,120.0,10.7,5.0,2.0
0,73.0,0,47.0,173.7,117.0,204.0,114.0,174.6,94.0,6.3,3.0,2.0
0,122.0,0,30.0,230.1,108.0,287.6,76.0,177.1,85.0,6.9,3.0,2.0
0,91.0,0,44.0,216.6,101.0,173.1,98.0,242.1,95.0,9.1,3.0,1.0
0,36.0,0,43.0,29.9,123.0,129.1,117.0,325.9,105.0,8.6,6.0,2.0
0,51.0,0,28.0,276.7,121.0,203.7,99.0,246.2,88.0,8.3,3.0,0.0
0,84.0,0,41.0,153.9,102.0,140.7,117.0,217.7,101.0,12.8,5.0,1.0
0,58.0,0,39.0,211.9,40.0,274.4,76.0,210.5,139.0,5.4,4.0,1.0
0,35.0,0,37.0,181.2,76.0,177.6,98.0,228.0,136.0,5.0,3.0,2.0
0,67.0,0,41.0,174.7,86.0,160.6,93.0,155.3,108.0,13.4,1.0,0.0
0,77.0,0,29.0,211.1,89.0,223.5,97.0,148.4,106.0,9.7,9.0,2.0
0,53.0,0,32.0,131.2,63.0,227.4,125.0,178.9,105.0,12.8,2.0,2.0
0,59.0,0,32.0,211.9,120.0,202.9,136.0,213.5,95.0,8.8,5.0,1.0
0,142.0,0,40.0,230.7,101.0,256.8,88.0,263.9,92.0,6.4,3.0,1.0
0,93.0,0,22.0,306.2,123.0,189.7,83.0,240.3,107.0,11.7,2.0,0.0
1,68.0,1,24.0,125.7,92.0,275.9,98.0,214.5,108.0,14.2,6.0,3.0
0,144.0,0,38.0,105.0,86.0,121.8,123.0,221.5,122.0,3.7,4.0,0.0
0,23.0,0,31.0,156.6,84.0,161.5,96.0,294.6,107.0,9.4,6.0,1.0
0,221.0,0,24.0,180.5,85.0,224.1,92.0,205.7,103.0,2.4,3.0,0.0
0,164.0,0,30.0,238.8,100.0,230.0,121.0,206.3,66.0,13.2,8.0,1.0
0,104.0,0,18.0,182.1,66.0,213.6,65.0,193.0,108.0,13.4,9.0,2.0
0,150.0,0,35.0,139.6,72.0,332.8,170.0,213.8,105.0,8.8,2.0,2.0
0,184.0,0,12.0,200.3,76.0,253.6,105.0,149.3,93.0,10.2,5.0,0.0
0,61.0,1,29.0,128.2,119.0,171.7,83.0,250.9,114.0,11.7,6.0,3.0
0,129.0,0,27.0,196.6,89.0,180.6,95.0,245.0,83.0,6.6,5.0,1.0
0,75.0,0,28.0,200.6,96.0,164.1,111.0,169.6,153.0,2.5,5.0,1.0
0,97.0,0,25.0,141.0,101.0,212.0,85.0,175.2,138.0,4.9,2.0,3.0
0,121.0,0,34.0,245.0,95.0,216.9,66.0,112.4,125.0,7.5,8.0,0.0
0,87.0,0,33.0,125.0,99.0,235.3,81.0,215.3,95.0,10.2,7.0,2.0
0,58.0,0,30.0,178.1,111.0,236.7,109.0,264.0,118.0,8.4,2.0,0.0
1,77.0,1,44.0,103.2,117.0,236.3,86.0,203.5,101.0,11.9,2.0,0.0
0,127.0,0,24.0,154.8,69.0,177.2,105.0,207.6,102.0,9.0,4.0,1.0
0,57.0,0,30.0,179.2,105.0,283.2,83.0,228.1,77.0,14.7,5.0,1.0
0,89.0,0,24.0,97.8,98.0,207.2,67.0,214.5,126.0,5.9,2.0,0.0
0,138.0,0,33.0,155.2,139.0,268.3,79.0,186.4,71.0,9.7,4.0,3.0
0,120.0,0,27.0,128.5,115.0,163.7,91.0,242.9,121.0,0.0,0.0,1.0
0,142.0,0,22.0,224.4,114.0,146.0,106.0,241.4,98.0,8.8,2.0,1.0
0,139.0,0,43.0,231.0,85.0,222.3,82.0,148.0,105.0,8.3,5.0,2.0
0,99.0,0,31.0,244.1,71.0,203.4,58.0,234.0,115.0,7.7,4.0,3.0
0,48.0,0,27.0,141.1,109.0,224.7,94.0,174.3,122.0,13.2,2.0,1.0
0,106.0,0,30.0,220.1,105.0,222.2,109.0,158.4,96.0,13.1,8.0,0.0
1,170.0,0,42.0,199.5,119.0,135.0,90.0,184.6,49.0,10.9,3.0,4.0
1,119.0,1,22.0,172.1,119.0,223.6,133.0,150.0,94.0,13.9,20.0,1.0
0,148.0,0,33.0,241.7,84.0,165.8,84.0,160.6,80.0,11.3,3.0,1.0
0,111.0,0,21.0,127.1,94.0,228.3,116.0,166.7,108.0,7.1,3.0,1.0
0,114.0,0,26.0,137.1,88.0,155.7,125.0,247.6,94.0,11.5,7.0,2.0
0,58.0,0,22.0,224.1,127.0,238.8,85.0,174.2,86.0,11.5,7.0,2.0
0,106.0,0,29.0,83.6,131.0,203.9,131.0,229.5,73.0,8.1,3.0,1.0
0,149.0,0,18.0,148.5,106.0,114.5,106.0,178.3,98.0,6.5,4.0,0.0
0,103.0,0,29.0,164.1,111.0,219.1,96.0,220.3,108.0,12.3,9.0,0.0
0,192.0,0,36.0,156.2,77.0,215.5,126.0,279.1,83.0,9.9,6.0,2.0
0,74.0,0,25.0,234.4,113.0,265.9,82.0,241.4,77.0,13.7,4.0,0.0
0,103.0,0,29.0,294.7,95.0,237.3,105.0,300.3,127.0,13.7,6.0,1.0
0,63.0,0,32.0,218.9,124.0,214.3,125.0,260.3,120.0,12.9,3.0,1.0
0,128.0,0,43.0,177.8,100.0,147.3,89.0,194.2,92.0,11.9,1.0,0.0
0,113.0,0,39.0,209.8,77.0,164.1,90.0,159.7,100.0,9.0,4.0,1.0
0,178.0,0,22.0,112.8,66.0,232.6,100.0,194.8,119.0,14.3,3.0,1.0
0,106.0,0,25.0,169.4,105.0,240.5,108.0,159.4,114.0,13.9,5.0,4.0
0,111.0,0,35.0,161.2,142.0,159.1,104.0,167.9,98.0,14.7,5.0,1.0
0,92.0,0,25.0,79.8,99.0,313.6,120.0,135.5,104.0,9.3,8.0,2.0
0,42.0,0,31.0,170.8,101.0,233.4,104.0,174.2,121.0,11.0,3.0,2.0
0,117.0,0,38.0,259.3,94.0,245.6,71.0,269.3,125.0,9.2,1.0,3.0
0,76.0,0,41.0,212.6,110.0,172.7,97.0,186.3,78.0,10.1,5.0,0.0
0,115.0,1,6.0,140.1,125.0,157.9,100.0,249.4,96.0,10.1,3.0,1.0
0,60.0,1,37.0,189.9,125.0,110.4,107.0,210.7,115.0,9.1,5.0,3.0
0,90.0,0,30.0,191.3,104.0,257.1,109.0,177.7,89.0,11.0,1.0,1.0
0,69.0,0,40.0,77.0,106.0,161.7,94.0,188.6,82.0,12.5,6.0,1.0
0,141.0,0,33.0,168.4,127.0,185.1,106.0,220.0,78.0,11.0,4.0,2.0
0,77.0,0,36.0,172.2,88.0,161.6,112.0,259.7,115.0,11.8,4.0,2.0
0,106.0,0,22.0,218.6,83.0,244.4,70.0,132.4,99.0,9.1,6.0,1.0
0,169.0,0,22.0,149.1,103.0,207.2,91.0,265.4,92.0,11.4,7.0,2.0
0,76.0,0,12.0,98.4,100.0,187.5,119.0,177.0,68.0,15.1,3.0,1.0
0,166.0,0,32.0,148.4,86.0,170.6,119.0,201.5,124.0,11.3,12.0,1.0
0,187.0,0,25.0,199.9,64.0,134.6,110.0,210.4,78.0,11.7,6.0,3.0
0,102.0,0,25.0,187.5,105.0,272.3,88.0,216.4,91.0,11.7,2.0,2.0
0,100.0,0,21.0,86.1,95.0,189.9,126.0,201.3,113.0,11.7,4.0,0.0
0,52.0,0,31.0,122.2,88.0,139.0,100.0,141.9,141.0,5.7,10.0,3.0
0,74.0,0,46.0,277.7,109.0,270.0,114.0,165.3,82.0,10.4,2.0,1.0
0,40.0,1,21.0,147.4,117.0,262.8,110.0,202.0,97.0,10.9,5.0,0.0
0,79.0,0,25.0,219.0,95.0,241.9,95.0,203.4,102.0,5.6,5.0,4.0
0,69.0,0,27.0,188.4,104.0,320.6,128.0,161.7,120.0,9.7,7.0,1.0
0,119.0,0,37.0,168.2,81.0,283.3,105.0,243.8,136.0,10.7,3.0,1.0
0,60.0,0,20.0,118.3,113.0,253.8,97.0,172.8,78.0,9.4,4.0,1.0
0,135.0,0,18.0,180.1,90.0,152.5,65.0,258.2,85.0,12.7,9.0,1.0
1,109.0,1,36.0,244.2,147.0,199.7,65.0,144.4,109.0,15.4,3.0,2.0
0,33.0,0,33.0,221.4,110.0,276.1,86.0,222.9,102.0,10.1,4.0,1.0
0,47.0,0,40.0,158.3,90.0,213.2,71.0,123.0,132.0,14.0,2.0,2.0
0,53.0,0,24.0,201.7,87.0,251.7,97.0,297.4,95.0,7.9,5.0,0.0
0,113.0,0,28.0,264.4,93.0,222.8,79.0,213.7,88.0,10.0,4.0,1.0
0,90.0,0,30.0,168.2,103.0,220.9,75.0,224.3,105.0,8.2,2.0,0.0
0,170.0,0,34.0,125.3,128.0,240.6,104.0,243.4,109.0,7.0,3.0,3.0
0,117.0,1,15.0,178.8,81.0,286.1,85.0,229.4,128.0,7.1,5.0,1.0
0,96.0,0,18.0,262.9,57.0,190.2,107.0,293.5,103.0,11.8,4.0,3.0
0,96.0,0,26.0,126.5,108.0,123.8,114.0,308.5,98.0,13.1,6.0,2.0
0,131.0,0,29.0,239.7,102.0,212.8,109.0,187.7,77.0,10.5,2.0,1.0
0,130.0,0,22.0,173.9,90.0,234.8,86.0,121.8,79.0,8.4,5.0,1.0
0,108.0,0,28.0,221.3,117.0,156.0,102.0,159.3,80.0,8.7,3.0,0.0
0,29.0,0,38.0,149.4,93.0,189.8,96.0,127.4,71.0,6.0,3.0,1.0
0,57.0,0,36.0,244.5,94.0,161.2,113.0,184.3,105.0,9.7,3.0,1.0
0,144.0,0,38.0,276.3,149.0,252.0,112.0,132.5,85.0,8.7,3.0,1.0
0,97.0,0,32.0,172.7,79.0,217.4,101.0,260.7,88.0,11.7,5.0,1.0
0,59.0,0,26.0,205.4,68.0,115.0,115.0,214.7,130.0,9.4,2.0,5.0
0,42.0,0,34.0,131.5,143.0,185.3,109.0,177.3,117.0,10.9,5.0,0.0
0,150.0,0,29.0,235.8,91.0,202.8,84.0,246.3,81.0,11.9,4.0,1.0
0,17.0,0,30.0,280.0,101.0,258.9,85.0,230.0,130.0,10.3,2.0,3.0
0,140.0,0,27.0,176.0,141.0,201.3,143.0,167.9,93.0,7.1,5.0,3.0
0,176.0,0,31.0,167.0,93.0,174.1,128.0,155.0,124.0,10.4,4.0,3.0
0,102.0,0,45.0,129.2,142.0,239.4,114.0,223.4,66.0,8.7,4.0,0.0
0,71.0,0,49.0,174.0,122.0,168.6,85.0,132.1,120.0,7.8,4.0,1.0
0,106.0,0,36.0,124.8,93.0,241.7,83.0,219.0,110.0,11.3,3.0,1.0
0,95.0,0,35.0,229.1,143.0,148.2,104.0,248.4,110.0,3.9,3.0,0.0
0,79.0,0,30.0,124.8,99.0,207.6,142.0,175.0,95.0,4.6,3.0,1.0
0,83.0,0,31.0,129.8,87.0,183.4,110.0,169.4,40.0,14.3,6.0,1.0
0,109.0,1,46.0,165.2,85.0,136.0,92.0,184.8,100.0,11.9,5.0,1.0
1,163.0,0,30.0,195.2,123.0,126.4,115.0,221.0,90.0,9.0,5.0,5.0
0,108.0,0,19.0,312.4,98.0,271.4,122.0,162.6,91.0,10.1,6.0,0.0
0,106.0,0,27.0,223.3,97.0,212.5,131.0,154.6,149.0,11.6,2.0,1.0
0,48.0,0,26.0,192.9,60.0,179.2,87.0,185.5,137.0,18.7,7.0,0.0
0,58.0,0,28.0,236.8,89.0,158.4,91.0,212.3,97.0,8.0,3.0,2.0
0,81.0,0,17.0,268.1,94.0,156.1,124.0,160.4,90.0,13.6,5.0,2.0
0,90.0,0,22.0,187.9,121.0,209.9,101.0,256.7,102.0,10.4,5.0,2.0
0,177.0,0,21.0,234.0,108.0,238.0,61.0,201.9,125.0,8.8,4.0,0.0
0,108.0,1,36.0,153.8,105.0,246.2,62.0,150.9,125.0,11.1,4.0,1.0
0,133.0,0,49.0,229.4,78.0,219.5,106.0,172.3,115.0,12.0,4.0,3.0
0,107.0,0,26.0,234.0,116.0,223.9,103.0,246.5,105.0,13.8,1.0,1.0
0,82.0,1,41.0,116.9,74.0,228.2,115.0,251.4,89.0,9.9,8.0,1.0
0,69.0,0,38.0,272.9,122.0,188.4,97.0,132.4,87.0,10.5,3.0,2.0
0,64.0,0,31.0,281.9,121.0,240.6,104.0,212.2,120.0,7.0,5.0,3.0
0,92.0,0,27.0,233.6,126.0,152.9,94.0,262.1,95.0,12.8,4.0,1.0
0,151.0,0,31.0,240.7,102.0,106.5,96.0,195.7,128.0,10.6,2.0,2.0
0,81.0,0,36.0,164.8,106.0,210.2,138.0,173.6,78.0,4.3,2.0,2.0
0,78.0,0,26.0,189.0,98.0,191.7,67.0,217.0,68.0,11.3,3.0,0.0
0,152.0,0,39.0,243.1,137.0,236.7,103.0,191.2,118.0,9.9,3.0,1.0
0,45.0,1,40.0,179.0,114.0,272.6,99.0,67.1,80.0,10.8,3.0,3.0
1,49.0,1,32.0,176.9,118.0,227.0,121.0,204.4,115.0,15.1,3.0,3.0
0,151.0,0,27.0,166.4,112.0,234.3,116.0,161.1,95.0,5.5,2.0,0.0
0,114.0,0,34.0,114.5,64.0,229.3,84.0,288.8,68.0,10.4,16.0,0.0
0,122.0,0,34.0,205.1,123.0,203.3,123.0,126.7,106.0,10.7,1.0,2.0
0,87.0,0,16.0,257.4,91.0,232.0,101.0,143.2,73.0,14.7,2.0,1.0
0,136.0,0,24.0,50.1,134.0,295.8,89.0,111.8,115.0,11.0,6.0,0.0
0,42.0,0,16.0,240.8,80.0,212.6,121.0,271.7,138.0,9.4,4.0,1.0
0,88.0,0,14.0,298.8,92.0,207.3,86.0,257.9,65.0,11.9,4.0,5.0
0,142.0,1,23.0,102.2,103.0,229.7,110.0,176.3,100.0,9.0,4.0,1.0
1,166.0,0,41.0,196.7,109.0,124.3,107.0,198.3,94.0,11.0,5.0,5.0
0,19.0,0,34.0,206.4,111.0,229.7,118.0,156.7,81.0,11.8,10.0,3.0
0,79.0,0,27.0,192.3,125.0,147.3,108.0,215.0,97.0,7.8,4.0,1.0
0,100.0,0,39.0,204.9,74.0,210.2,80.0,168.8,89.0,11.2,4.0,2.0
0,173.0,0,20.0,60.2,100.0,118.1,76.0,230.1,131.0,13.3,4.0,1.0
0,120.0,0,27.0,179.6,142.0,262.8,103.0,239.9,81.0,11.1,2.0,1.0
0,24.0,0,41.0,187.1,80.0,286.1,77.0,188.0,107.0,10.4,2.0,1.0
0,113.0,0,30.0,208.9,87.0,145.2,89.0,198.2,77.0,14.9,5.0,2.0
1,185.0,0,24.0,121.6,100.0,108.3,77.0,206.3,98.0,12.3,2.0,5.0
0,120.0,0,40.0,222.2,80.0,223.1,84.0,164.0,65.0,12.1,3.0,1.0
0,85.0,0,21.0,219.3,132.0,218.2,105.0,267.6,95.0,15.7,2.0,2.0
0,53.0,0,22.0,76.1,115.0,171.2,119.0,246.3,126.0,6.0,2.0,0.0
0,93.0,0,23.0,196.0,91.0,156.3,107.0,200.5,68.0,15.3,2.0,1.0
0,126.0,0,42.0,247.8,96.0,159.1,98.0,201.8,73.0,10.6,3.0,2.0
0,44.0,0,25.0,152.9,106.0,205.5,147.0,247.3,107.0,8.0,5.0,1.0
0,89.0,0,15.0,274.0,83.0,192.2,97.0,125.9,141.0,11.9,2.0,0.0
0,78.0,1,20.0,252.8,102.0,217.6,105.0,107.3,93.0,11.2,3.0,0.0
0,70.0,0,23.0,205.5,95.0,224.3,80.0,196.1,76.0,9.7,4.0,1.0
0,135.0,0,38.0,202.6,92.0,169.6,93.0,185.8,108.0,11.9,6.0,4.0
0,112.0,0,31.0,142.9,92.0,233.8,107.0,329.2,142.0,10.4,6.0,0.0
0,73.0,0,19.0,179.4,108.0,93.6,90.0,234.6,99.0,14.9,4.0,2.0
0,165.0,0,17.0,177.9,68.0,153.9,112.0,251.2,121.0,10.6,7.0,1.0
0,72.0,0,31.0,221.4,124.0,313.4,96.0,175.9,94.0,11.8,1.0,3.0
0,110.0,0,37.0,227.9,80.0,101.9,141.0,188.1,110.0,5.1,6.0,0.0
1,80.0,0,33.0,189.4,109.0,148.7,68.0,208.9,119.0,11.2,4.0,1.0
0,43.0,0,39.0,188.3,108.0,167.6,116.0,189.9,92.0,15.6,5.0,1.0
0,144.0,0,26.0,177.1,94.0,206.0,85.0,254.8,95.0,6.6,2.0,2.0
0,158.0,0,22.0,192.9,86.0,219.7,104.0,169.3,92.0,10.9,3.0,2.0
0,78.0,0,28.0,130.5,109.0,173.3,99.0,192.2,106.0,10.4,3.0,3.0
0,61.0,0,38.0,139.8,108.0,58.3,120.0,203.4,160.0,9.7,1.0,3.0
0,73.0,0,6.0,237.6,105.0,244.9,98.0,188.3,107.0,6.8,11.0,4.0
0,100.0,0,26.0,197.7,80.0,232.6,83.0,196.7,120.0,12.0,5.0,1.0
1,109.0,0,39.0,270.0,58.0,235.5,108.0,194.3,57.0,7.8,6.0,1.0
0,103.0,0,29.0,211.6,111.0,237.9,84.0,209.4,93.0,14.0,7.0,2.0
0,93.0,1,36.0,169.7,109.0,318.6,88.0,246.5,95.0,9.8,3.0,0.0
0,125.0,0,25.0,190.1,133.0,181.1,61.0,104.0,110.0,12.5,3.0,2.0
0,59.0,0,45.0,71.2,113.0,233.7,95.0,139.3,129.0,14.0,12.0,1.0
0,111.0,0,33.0,168.1,97.0,204.0,88.0,260.9,97.0,15.1,3.0,1.0
0,173.0,1,18.0,127.2,89.0,130.7,114.0,229.7,115.0,11.2,5.0,2.0
0,76.0,0,35.0,273.7,94.0,153.3,101.0,259.0,109.0,3.8,3.0,0.0
0,167.0,0,30.0,195.8,118.0,166.4,109.0,297.4,84.0,11.7,2.0,0.0
0,138.0,0,28.0,151.0,59.0,269.5,122.0,179.4,116.0,8.9,9.0,0.0
0,194.0,0,42.0,203.7,109.0,192.9,125.0,318.0,81.0,10.8,16.0,3.0
0,78.0,0,27.0,121.9,88.0,225.4,75.0,90.8,118.0,13.0,4.0,3.0
0,115.0,0,30.0,181.2,65.0,193.2,62.0,153.2,92.0,9.9,6.0,2.0
0,1.0,0,26.0,69.7,84.0,250.4,79.0,230.2,122.0,8.3,3.0,2.0
1,178.0,0,32.0,148.7,95.0,198.6,55.0,187.0,113.0,10.4,7.0,6.0
0,86.0,0,25.0,126.4,97.0,189.7,118.0,233.6,97.0,12.0,2.0,1.0
0,20.0,0,27.0,231.6,105.0,223.3,120.0,212.0,99.0,8.9,4.0,1.0
0,131.0,0,29.0,42.1,114.0,183.3,70.0,158.7,82.0,10.0,1.0,0.0
0,49.0,0,42.0,159.0,67.0,126.3,125.0,206.8,88.0,7.4,3.0,2.0
0,121.0,0,22.0,212.3,107.0,238.0,94.0,332.8,114.0,10.4,2.0,1.0
0,134.0,0,10.0,159.4,79.0,91.0,94.0,199.5,137.0,10.0,3.0,2.0
0,57.0,0,37.0,69.5,94.0,220.9,76.0,218.5,113.0,11.9,3.0,0.0
0,66.0,0,21.0,134.4,110.0,136.2,104.0,215.6,105.0,9.7,4.0,3.0
0,162.0,0,21.0,205.2,128.0,231.7,128.0,180.3,100.0,10.6,3.0,2.0
0,115.0,0,26.0,132.3,142.0,273.4,89.0,195.7,77.0,14.8,7.0,0.0
0,86.0,0,29.0,189.3,107.0,221.3,101.0,325.6,137.0,13.8,3.0,1.0
0,137.0,0,20.0,268.5,91.0,128.8,121.0,146.4,98.0,12.7,6.0,1.0
0,80.0,0,22.0,182.8,142.0,229.3,111.0,313.8,85.0,11.3,2.0,1.0
0,35.0,0,23.0,194.6,106.0,199.8,132.0,189.6,88.0,10.1,7.0,4.0
0,163.0,0,39.0,268.1,104.0,216.6,65.0,359.9,118.0,11.4,4.0,0.0
0,99.0,0,21.0,180.2,97.0,167.7,47.0,203.1,84.0,14.6,5.0,2.0
1,155.0,1,38.0,234.6,84.0,214.9,119.0,196.7,69.0,8.0,2.0,1.0
0,51.0,0,43.0,158.2,94.0,213.2,105.0,190.4,91.0,8.5,2.0,2.0
0,154.0,0,14.0,183.0,113.0,187.0,144.0,181.1,112.0,10.2,3.0,1.0
0,65.0,0,21.0,135.1,120.0,238.4,90.0,286.4,93.0,11.0,9.0,4.0
0,95.0,0,35.0,238.3,86.0,258.1,132.0,194.9,72.0,13.1,4.0,5.0
0,47.0,0,28.0,196.2,88.0,194.8,106.0,243.0,103.0,10.5,10.0,0.0
0,49.0,0,20.0,205.9,109.0,298.4,105.0,142.1,91.0,12.3,3.0,4.0
0,98.0,1,20.0,186.2,112.0,145.3,65.0,142.8,104.0,10.9,4.0,3.0
0,63.0,0,19.0,163.0,75.0,238.4,103.0,171.8,100.0,11.3,3.0,3.0
0,182.0,0,24.0,215.2,73.0,133.1,85.0,205.1,79.0,10.9,7.0,0.0
0,84.0,1,18.0,136.8,114.0,200.3,110.0,199.0,86.0,8.0,4.0,3.0
0,79.0,0,12.0,62.4,119.0,237.6,96.0,193.4,116.0,7.8,2.0,0.0
0,68.0,0,41.0,226.0,113.0,149.8,115.0,184.9,88.0,11.5,2.0,2.0
0,44.0,0,20.0,184.8,105.0,195.0,169.0,130.1,121.0,11.6,3.0,1.0
0,86.0,1,41.0,225.5,95.0,229.3,101.0,134.0,82.0,11.6,10.0,2.0
0,112.0,0,22.0,244.7,104.0,203.1,88.0,222.0,84.0,7.4,6.0,0.0
0,108.0,0,15.0,196.8,79.0,173.5,99.0,274.7,108.0,14.6,5.0,1.0
0,57.0,0,23.0,208.7,57.0,233.4,132.0,108.8,117.0,9.1,5.0,1.0
0,81.0,0,17.0,145.7,89.0,202.9,70.0,212.4,92.0,9.5,5.0,1.0
0,37.0,0,33.0,225.7,133.0,223.9,115.0,192.7,131.0,11.2,5.0,3.0
0,101.0,1,35.0,181.0,88.0,222.5,113.0,217.8,103.0,11.1,3.0,1.0
0,61.0,0,31.0,252.1,98.0,215.7,149.0,135.7,117.0,5.1,4.0,2.0
0,142.0,0,22.0,198.3,144.0,157.2,96.0,180.9,114.0,11.1,4.0,2.0
0,27.0,0,32.0,190.3,97.0,279.0,77.0,133.8,117.0,8.4,3.0,2.0
0,165.0,0,23.0,184.7,63.0,168.0,62.0,176.1,125.0,8.7,5.0,1.0
0,33.0,0,16.0,125.1,56.0,246.6,140.0,235.4,109.0,12.1,2.0,0.0
0,150.0,0,24.0,195.7,108.0,208.8,110.0,177.0,84.0,11.7,2.0,2.0
0,158.0,0,19.0,127.6,88.0,235.2,82.0,195.0,87.0,10.1,3.0,0.0
0,54.0,0,28.0,217.4,98.0,246.2,120.0,127.0,92.0,7.5,8.0,1.0
0,111.0,0,23.0,87.7,91.0,218.3,118.0,173.1,87.0,12.3,4.0,1.0
0,119.0,0,32.0,186.4,75.0,206.9,92.0,150.6,80.0,12.1,2.0,1.0
1,175.0,1,35.0,159.5,95.0,140.7,100.0,176.3,99.0,5.4,4.0,5.0
0,127.0,0,24.0,211.5,121.0,183.9,115.0,186.2,103.0,13.5,1.0,3.0
0,123.0,0,41.0,141.3,127.0,152.0,96.0,218.8,114.0,8.1,3.0,3.0
0,63.0,0,26.0,214.2,80.0,253.0,152.0,156.4,109.0,10.3,2.0,2.0
0,90.0,0,19.0,214.0,57.0,245.3,105.0,205.6,68.0,10.3,2.0,1.0
0,82.0,0,33.0,247.4,106.0,167.1,110.0,207.6,113.0,6.8,1.0,5.0
0,122.0,0,21.0,196.0,104.0,194.7,73.0,150.8,92.0,9.6,4.0,0.0
0,73.0,0,33.0,129.8,112.0,225.3,96.0,262.5,104.0,8.6,3.0,1.0
0,120.0,0,31.0,211.0,117.0,238.7,77.0,184.5,99.0,14.0,8.0,1.0
0,102.0,0,29.0,158.2,132.0,250.6,47.0,219.3,86.0,15.1,4.0,1.0
0,58.0,0,47.0,151.1,117.0,137.4,103.0,172.6,99.0,9.2,8.0,1.0
0,103.0,0,22.0,219.0,126.0,311.9,126.0,197.0,112.0,9.0,8.0,3.0
1,77.0,1,34.0,209.9,79.0,226.1,88.0,101.8,103.0,11.4,2.0,2.0
0,132.0,1,18.0,130.7,86.0,186.1,98.0,204.8,103.0,11.9,6.0,0.0
0,87.0,0,24.0,135.8,108.0,251.4,62.0,181.5,91.0,6.4,4.0,0.0
0,91.0,0,39.0,160.8,97.0,119.3,54.0,147.9,101.0,10.3,3.0,3.0
0,90.0,0,31.0,118.5,92.0,257.9,76.0,186.2,96.0,9.0,6.0,1.0
0,103.0,0,40.0,140.3,52.0,245.6,114.0,111.7,86.0,11.1,6.0,1.0
0,87.0,0,18.0,124.3,104.0,196.1,80.0,290.0,110.0,7.2,3.0,1.0
0,164.0,1,28.0,156.1,98.0,209.9,140.0,190.0,69.0,11.4,4.0,0.0
0,136.0,0,23.0,235.6,65.0,177.7,81.0,138.7,105.0,11.3,5.0,1.0
0,132.0,1,21.0,223.4,89.0,193.2,105.0,226.2,85.0,7.7,5.0,3.0
0,138.0,0,12.0,114.5,100.0,175.1,130.0,112.7,85.0,7.8,5.0,0.0
0,4.0,0,31.0,158.3,99.0,164.2,98.0,192.7,108.0,12.5,3.0,2.0
0,145.0,0,10.0,190.7,100.0,177.7,114.0,167.3,100.0,12.8,2.0,0.0
0,99.0,0,12.0,119.9,83.0,237.7,98.0,187.6,159.0,16.6,2.0,1.0
0,39.0,0,38.0,201.8,66.0,200.1,87.0,173.7,112.0,9.5,3.0,0.0
0,103.0,0,40.0,164.5,95.0,228.7,82.0,194.7,97.0,7.4,1.0,4.0
1,36.0,1,19.0,171.9,96.0,198.4,111.0,321.7,76.0,10.5,1.0,1.0
0,55.0,0,28.0,222.5,134.0,177.8,106.0,194.6,90.0,9.7,4.0,2.0
0,82.0,0,23.0,123.7,93.0,139.1,74.0,174.5,118.0,10.6,2.0,1.0
0,124.0,1,29.0,187.1,75.0,148.5,142.0,214.4,124.0,5.5,7.0,2.0
0,43.0,0,36.0,93.1,68.0,246.1,83.0,94.9,109.0,8.7,8.0,1.0
0,151.0,0,27.0,154.4,141.0,210.6,109.0,167.9,109.0,7.8,3.0,3.0
0,11.0,0,36.0,293.4,122.0,174.1,91.0,212.0,50.0,6.9,6.0,1.0
0,70.0,0,20.0,230.2,110.0,177.5,111.0,206.3,38.0,11.9,2.0,0.0
0,58.0,0,29.0,239.6,84.0,182.1,80.0,118.3,100.0,11.0,3.0,2.0
0,159.0,0,36.0,288.2,120.0,227.1,105.0,198.2,113.0,13.3,7.0,1.0
0,109.0,0,40.0,99.7,116.0,140.3,117.0,221.3,76.0,13.9,5.0,3.0
0,61.0,0,28.0,239.9,110.0,218.9,87.0,166.0,46.0,12.1,4.0,1.0
0,43.0,0,26.0,141.5,94.0,196.4,123.0,172.4,100.0,12.9,1.0,3.0
0,160.0,0,37.0,179.8,104.0,144.8,115.0,209.1,89.0,11.1,8.0,3.0
0,133.0,0,24.0,125.5,106.0,161.2,95.0,209.1,112.0,15.0,4.0,2.0
0,56.0,0,37.0,153.7,97.0,271.4,91.0,179.0,121.0,8.3,2.0,1.0
0,100.0,0,41.0,306.9,71.0,243.3,72.0,125.9,114.0,10.5,4.0,2.0
0,103.0,0,37.0,230.7,112.0,319.4,116.0,299.4,77.0,7.9,3.0,2.0
0,142.0,0,34.0,219.5,85.0,144.0,120.0,258.2,84.0,7.0,3.0,1.0
0,73.0,1,34.0,252.9,103.0,220.1,79.0,144.9,65.0,11.4,3.0,0.0
0,135.0,0,46.0,172.6,77.0,203.4,102.0,264.2,108.0,10.4,2.0,1.0
0,152.0,0,26.0,214.8,82.0,226.7,135.0,206.7,97.0,7.6,11.0,1.0
0,94.0,0,31.0,209.3,90.0,281.7,111.0,190.1,66.0,7.9,5.0,0.0
0,170.0,0,22.0,173.6,66.0,142.2,83.0,156.5,93.0,5.2,3.0,1.0
0,102.0,0,27.0,109.8,66.0,207.3,76.0,236.9,101.0,10.3,7.0,0.0
0,81.0,0,33.0,200.3,103.0,216.9,96.0,249.8,100.0,15.5,4.0,1.0
0,123.0,0,38.0,202.3,104.0,292.4,105.0,239.3,63.0,11.2,1.0,3.0
0,150.0,0,24.0,212.4,157.0,168.7,91.0,199.4,112.0,9.7,1.0,2.0
0,129.0,0,10.0,161.4,91.0,183.1,102.0,240.3,65.0,12.9,3.0,1.0
0,47.0,0,30.0,136.5,101.0,174.9,74.0,146.4,91.0,10.9,3.0,2.0
0,83.0,0,33.0,228.2,85.0,249.2,114.0,93.5,89.0,10.2,7.0,0.0
0,135.0,0,45.0,241.4,102.0,206.4,78.0,196.6,104.0,9.4,6.0,0.0
0,76.0,0,37.0,190.8,58.0,221.9,101.0,211.2,104.0,12.3,4.0,1.0
0,183.0,0,38.0,178.4,103.0,184.4,79.0,203.3,94.0,7.2,3.0,3.0
0,112.0,0,17.0,120.0,94.0,79.5,104.0,214.0,94.0,8.7,1.0,1.0
0,52.0,0,24.0,229.1,86.0,168.7,124.0,245.4,75.0,14.6,2.0,1.0
0,142.0,0,38.0,231.2,125.0,174.8,121.0,171.2,87.0,12.4,2.0,4.0
0,141.0,0,43.0,157.8,122.0,132.3,108.0,137.1,81.0,5.6,2.0,2.0
1,149.0,0,25.0,185.6,109.0,167.3,89.0,171.6,100.0,10.7,3.0,1.0
0,222.0,0,34.0,218.5,89.0,160.7,76.0,181.6,76.0,4.9,5.0,4.0
0,60.0,0,31.0,223.6,83.0,235.6,77.0,153.0,119.0,4.7,8.0,4.0
0,101.0,0,39.0,147.2,105.0,168.8,96.0,165.3,118.0,13.0,4.0,1.0
0,134.0,0,32.0,224.0,75.0,97.5,103.0,211.6,80.0,10.7,5.0,2.0
0,93.0,0,21.0,213.8,103.0,257.7,72.0,218.4,114.0,7.2,6.0,1.0
0,137.0,0,25.0,174.6,88.0,243.8,118.0,259.7,103.0,12.2,3.0,3.0
0,3.0,0,23.0,205.5,102.0,209.5,83.0,182.3,99.0,6.4,4.0,0.0
0,55.0,0,37.0,197.5,89.0,228.7,141.0,313.4,121.0,19.7,2.0,1.0
1,95.0,0,24.0,129.4,120.0,159.8,68.0,214.4,83.0,12.6,4.0,4.0
0,55.0,0,33.0,141.0,99.0,250.9,109.0,284.6,89.0,11.7,3.0,0.0
0,50.0,0,39.0,147.3,75.0,244.8,74.0,216.9,101.0,13.2,3.0,2.0
0,76.0,0,40.0,177.9,85.0,119.3,95.0,140.5,83.0,10.3,1.0,2.0
0,103.0,0,34.0,240.6,92.0,204.2,99.0,297.0,82.0,12.7,9.0,5.0
0,147.0,0,35.0,110.8,123.0,199.2,81.0,212.9,77.0,8.9,4.0,2.0
0,57.0,0,26.0,138.7,99.0,134.5,105.0,261.7,95.0,13.0,5.0,2.0
0,7.0,0,33.0,211.8,99.0,170.9,110.0,244.2,125.0,11.2,4.0,2.0
0,116.0,0,42.0,280.4,95.0,174.4,101.0,190.0,65.0,9.9,1.0,3.0
0,66.0,0,31.0,163.2,106.0,267.9,108.0,172.6,100.0,9.7,5.0,1.0
0,115.0,0,37.0,184.1,67.0,159.4,104.0,193.3,121.0,13.3,3.0,0.0
0,111.0,0,33.0,154.0,122.0,207.3,123.0,186.2,105.0,10.8,8.0,1.0
0,63.0,0,25.0,230.3,82.0,165.6,96.0,227.7,125.0,9.0,2.0,1.0
0,59.0,0,46.0,200.1,44.0,126.0,78.0,146.3,123.0,10.6,5.0,1.0
0,88.0,0,37.0,181.7,88.0,237.4,106.0,209.1,111.0,9.5,5.0,2.0
0,72.0,0,27.0,111.7,68.0,252.8,106.0,255.5,109.0,7.8,4.0,1.0
0,94.0,1,39.0,115.5,90.0,122.5,99.0,197.7,110.0,7.0,3.0,0.0
0,117.0,0,35.0,190.7,100.0,209.7,107.0,202.5,101.0,12.4,5.0,1.0
0,109.0,0,40.0,155.9,110.0,161.2,99.0,229.2,81.0,11.5,13.0,0.0
0,79.0,0,31.0,173.2,98.0,149.5,123.0,245.7,91.0,11.5,7.0,1.0
0,81.0,1,32.0,229.0,80.0,221.0,113.0,291.4,91.0,12.4,5.0,1.0
0,83.0,0,37.0,133.1,117.0,171.4,89.0,218.1,92.0,10.9,4.0,3.0
0,93.0,0,37.0,230.4,95.0,155.5,89.0,179.0,90.0,10.4,9.0,3.0
1,60.0,1,45.0,135.6,101.0,94.9,73.0,154.0,118.0,9.8,3.0,4.0
0,105.0,1,31.0,172.5,103.0,113.6,102.0,261.6,104.0,10.8,4.0,2.0
0,128.0,0,40.0,272.2,112.0,239.9,111.0,257.3,124.0,11.6,2.0,1.0
0,87.0,0,48.0,178.8,91.0,246.8,106.0,262.4,119.0,9.0,8.0,1.0
0,126.0,0,24.0,197.3,82.0,167.6,51.0,222.0,89.0,7.4,3.0,1.0
0,61.0,0,36.0,233.9,97.0,175.6,133.0,177.0,83.0,9.5,4.0,1.0
0,143.0,0,26.0,119.6,133.0,247.0,136.0,227.3,54.0,13.0,3.0,1.0
0,73.0,0,33.0,217.7,108.0,245.7,106.0,242.9,100.0,8.8,6.0,1.0
1,100.0,0,31.0,67.7,67.0,147.1,116.0,288.3,103.0,12.3,2.0,6.0
0,19.0,0,29.0,142.7,94.0,129.9,60.0,165.3,65.0,10.0,4.0,0.0
0,122.0,0,30.0,237.7,94.0,154.7,91.0,223.1,98.0,9.5,3.0,1.0
0,123.0,0,31.0,203.6,108.0,156.9,112.0,236.2,114.0,12.0,5.0,1.0
0,82.0,0,23.0,249.4,117.0,195.8,100.0,162.2,94.0,12.3,2.0,1.0
0,132.0,0,33.0,157.9,84.0,163.9,109.0,215.4,87.0,11.5,3.0,3.0
0,90.0,0,32.0,276.6,76.0,138.3,90.0,279.6,88.0,6.8,3.0,3.0
0,136.0,0,19.0,174.0,96.0,217.2,126.0,220.3,97.0,11.4,3.0,1.0
0,140.0,0,24.0,235.4,92.0,160.9,71.0,211.9,99.0,8.9,2.0,3.0
0,46.0,1,27.0,170.9,73.0,184.7,77.0,130.8,94.0,6.1,7.0,2.0
0,81.0,0,43.0,102.4,102.0,225.3,104.0,182.3,97.0,7.1,5.0,2.0
0,77.0,0,32.0,192.2,101.0,165.4,84.0,230.2,129.0,8.0,6.0,1.0
0,87.0,0,28.0,202.7,124.0,248.9,98.0,184.7,50.0,14.7,6.0,1.0
1,72.0,0,38.0,84.3,116.0,267.2,127.0,167.7,75.0,8.3,6.0,4.0
0,45.0,0,18.0,168.0,127.0,155.5,76.0,152.7,127.0,11.8,5.0,0.0
0,41.0,1,31.0,278.1,86.0,268.1,103.0,241.5,77.0,11.3,4.0,0.0
0,92.0,0,21.0,227.8,107.0,156.4,70.0,259.7,72.0,12.4,3.0,0.0
0,57.0,0,24.0,140.2,102.0,170.1,107.0,143.7,102.0,14.0,1.0,1.0
0,89.0,0,24.0,197.8,84.0,223.2,117.0,201.7,132.0,5.7,4.0,1.0
0,57.0,0,25.0,144.0,81.0,187.2,112.0,158.6,122.0,8.5,6.0,3.0
0,177.0,0,29.0,189.0,91.0,303.1,96.0,163.6,116.0,15.7,1.0,3.0
0,67.0,0,33.0,127.5,126.0,296.1,129.0,200.9,91.0,13.0,3.0,1.0
0,98.0,0,23.0,168.9,98.0,226.3,117.0,165.5,96.0,14.3,3.0,0.0
0,166.0,0,26.0,152.1,114.0,89.3,67.0,194.6,111.0,7.5,6.0,0.0
0,95.0,0,45.0,116.4,115.0,283.7,123.0,285.2,103.0,12.8,4.0,1.0
1,136.0,1,22.0,160.3,115.0,273.2,88.0,203.2,89.0,11.7,2.0,0.0
0,79.0,0,30.0,148.0,96.0,149.6,128.0,220.3,99.0,9.7,5.0,3.0
0,104.0,0,15.0,124.7,99.0,188.3,108.0,208.6,95.0,8.0,3.0,0.0
0,138.0,0,33.0,214.9,91.0,288.7,97.0,262.7,64.0,8.1,2.0,0.0
0,22.0,0,29.0,151.2,147.0,203.2,135.0,296.1,98.0,11.1,2.0,2.0
0,127.0,0,33.0,180.5,94.0,241.9,107.0,225.4,113.0,7.4,2.0,1.0
0,2.0,0,27.0,141.7,125.0,160.7,136.0,170.3,81.0,9.3,2.0,1.0
0,34.0,0,26.0,193.4,91.0,198.3,94.0,257.2,94.0,9.5,5.0,2.0
0,110.0,0,30.0,144.1,87.0,229.8,88.0,174.7,90.0,12.4,4.0,2.0
0,51.0,0,24.0,179.2,76.0,253.3,64.0,196.5,108.0,15.1,3.0,1.0
0,48.0,0,37.0,138.3,81.0,187.6,74.0,158.0,113.0,11.6,1.0,2.0
0,43.0,0,24.0,207.0,109.0,181.7,100.0,148.7,111.0,5.7,6.0,1.0
0,185.0,0,18.0,103.9,112.0,230.0,111.0,155.7,119.0,8.5,5.0,0.0
1,200.0,1,29.0,92.2,95.0,200.0,101.0,119.1,99.0,5.7,1.0,1.0
0,71.0,0,27.0,151.2,118.0,228.0,82.0,169.8,113.0,5.6,17.0,0.0
0,53.0,0,22.0,174.8,110.0,191.4,104.0,119.5,103.0,12.0,2.0,3.0
0,157.0,0,27.0,201.4,85.0,101.3,60.0,258.5,113.0,11.9,5.0,2.0
0,74.0,0,24.0,124.2,146.0,266.2,84.0,156.7,108.0,11.5,6.0,3.0
0,142.0,0,20.0,214.3,126.0,250.1,102.0,189.7,116.0,10.6,4.0,4.0
0,136.0,0,24.0,243.3,107.0,226.8,111.0,138.5,117.0,11.0,4.0,4.0
0,75.0,0,17.0,200.7,107.0,212.5,109.0,204.0,136.0,12.9,3.0,4.0
0,45.0,0,32.0,235.0,85.0,240.5,101.0,147.1,88.0,7.7,3.0,2.0
0,108.0,0,48.0,185.6,125.0,224.6,125.0,284.7,87.0,6.9,3.0,1.0
0,118.0,1,52.0,123.7,114.0,133.2,137.0,191.8,102.0,7.9,3.0,0.0
0,51.0,0,32.0,206.1,134.0,179.6,84.0,332.2,90.0,10.2,2.0,3.0
0,57.0,0,25.0,182.4,92.0,214.7,104.0,174.4,110.0,10.1,2.0,1.0
0,60.0,0,43.0,179.9,100.0,245.1,71.0,225.7,114.0,11.4,4.0,2.0
0,97.0,0,27.0,125.9,90.0,123.4,91.0,230.0,71.0,7.3,7.0,0.0
0,127.0,0,29.0,136.1,146.0,302.6,105.0,163.1,116.0,18.5,2.0,2.0
0,34.0,0,33.0,284.3,115.0,204.8,125.0,143.0,83.0,3.5,4.0,0.0
0,86.0,0,23.0,247.6,65.0,255.7,104.0,150.0,138.0,7.3,5.0,3.0
0,78.0,0,38.0,199.0,96.0,75.5,93.0,180.2,78.0,7.5,7.0,1.0
0,103.0,0,30.0,254.1,75.0,200.4,116.0,185.9,109.0,6.6,2.0,2.0
0,86.0,0,26.0,141.3,120.0,134.6,98.0,195.9,94.0,13.3,5.0,1.0
0,42.0,0,21.0,125.5,67.0,166.7,90.0,227.1,97.0,11.0,1.0,2.0
1,84.0,0,25.0,113.9,90.0,257.0,99.0,214.5,98.0,12.9,8.0,4.0
0,104.0,0,44.0,163.2,69.0,271.7,107.0,175.6,109.0,9.9,2.0,3.0
1,102.0,0,48.0,134.0,83.0,234.3,128.0,197.3,107.0,7.8,4.0,6.0
0,74.0,0,38.0,176.0,84.0,288.2,103.0,178.2,86.0,14.8,5.0,2.0
0,65.0,0,19.0,259.0,96.0,332.3,106.0,130.1,95.0,7.5,7.0,1.0
0,109.0,0,39.0,86.4,69.0,189.1,108.0,225.4,119.0,4.8,4.0,2.0
0,76.0,0,17.0,234.9,111.0,255.4,143.0,194.6,80.0,15.4,3.0,1.0
0,69.0,0,33.0,170.2,113.0,192.4,69.0,112.0,108.0,13.0,1.0,2.0
0,100.0,0,20.0,123.7,98.0,200.8,125.0,181.0,118.0,9.6,5.0,1.0
0,94.0,0,38.0,220.0,102.0,180.3,119.0,136.2,90.0,10.3,2.0,1.0
0,38.0,0,38.0,175.6,127.0,260.5,118.0,199.5,109.0,12.3,2.0,2.0
0,164.0,0,32.0,111.7,116.0,133.9,93.0,176.5,76.0,8.0,5.0,1.0
0,64.0,0,18.0,211.4,111.0,150.8,67.0,216.5,87.0,10.5,2.0,2.0
0,68.0,0,43.0,147.7,95.0,259.3,108.0,237.1,106.0,8.9,8.0,3.0
0,87.0,0,18.0,186.7,74.0,220.0,77.0,224.6,137.0,12.0,4.0,1.0
0,43.0,0,39.0,198.5,104.0,163.1,107.0,212.2,125.0,10.8,2.0,1.0
0,95.0,0,27.0,190.8,76.0,177.5,104.0,227.3,95.0,5.9,1.0,2.0
0,82.0,0,23.0,165.2,103.0,193.9,78.0,170.9,90.0,11.8,2.0,1.0
0,96.0,0,28.0,66.6,147.0,297.0,121.0,144.2,106.0,13.0,3.0,2.0
0,90.0,0,32.0,194.0,83.0,151.7,111.0,205.8,111.0,9.3,4.0,1.0
0,41.0,0,24.0,247.6,97.0,199.7,106.0,217.7,91.0,12.1,6.0,1.0
0,121.0,0,12.0,127.2,56.0,241.6,114.0,176.6,84.0,13.2,3.0,3.0
0,95.0,0,44.0,173.3,114.0,152.3,78.0,144.4,118.0,12.3,3.0,2.0
0,78.0,0,28.0,246.0,136.0,147.5,99.0,118.8,99.0,4.0,2.0,2.0
0,101.0,0,24.0,240.5,103.0,280.5,78.0,212.8,69.0,10.4,5.0,2.0
0,183.0,0,31.0,211.9,126.0,224.3,125.0,226.2,125.0,13.8,2.0,1.0
0,52.0,1,27.0,207.5,92.0,182.8,92.0,189.0,68.0,9.8,3.0,2.0
0,80.0,0,34.0,243.4,96.0,102.3,115.0,217.8,95.0,12.2,3.0,1.0
0,39.0,0,17.0,230.7,122.0,207.1,85.0,208.9,73.0,9.2,1.0,3.0
0,108.0,0,30.0,126.0,124.0,202.4,84.0,186.4,99.0,8.6,1.0,1.0
0,51.0,0,0.0,212.9,80.0,236.1,57.0,187.6,99.0,8.8,4.0,2.0
0,98.0,0,40.0,212.1,90.0,233.9,110.0,234.0,84.0,7.1,4.0,0.0
0,181.0,0,16.0,196.0,85.0,107.1,119.0,205.9,110.0,9.7,1.0,1.0
0,114.0,0,23.0,186.2,95.0,258.3,129.0,183.9,93.0,7.8,6.0,0.0
0,160.0,0,33.0,137.0,100.0,203.5,82.0,218.7,64.0,5.8,4.0,2.0
0,71.0,0,24.0,139.8,58.0,253.8,110.0,252.8,113.0,11.1,6.0,1.0
0,102.0,0,32.0,135.7,108.0,216.5,134.0,160.5,125.0,13.0,7.0,1.0
0,97.0,0,35.0,203.1,104.0,211.8,91.0,246.1,105.0,9.7,6.0,0.0
0,129.0,0,23.0,210.7,119.0,137.4,51.0,248.2,92.0,7.9,6.0,2.0
0,41.0,0,43.0,158.9,96.0,280.4,117.0,216.5,97.0,10.8,4.0,2.0
0,149.0,0,28.0,212.8,117.0,159.9,86.0,222.7,88.0,0.0,0.0,1.0
1,114.0,1,28.0,136.4,93.0,170.0,90.0,191.5,73.0,14.6,4.0,2.0
0,102.0,0,18.0,144.4,76.0,160.7,97.0,200.8,101.0,9.3,4.0,0.0
0,128.0,0,41.0,184.8,76.0,160.6,86.0,162.0,131.0,9.8,6.0,2.0
0,47.0,1,31.0,140.6,114.0,264.6,44.0,238.7,121.0,9.7,4.0,2.0
0,128.0,0,28.0,115.4,96.0,185.4,94.0,209.3,69.0,17.7,4.0,0.0
0,118.0,0,31.0,226.6,99.0,164.9,136.0,189.3,120.0,10.2,5.0,3.0
0,127.0,0,27.0,157.6,107.0,280.6,49.0,75.1,77.0,8.0,4.0,1.0
0,50.0,0,40.0,235.7,127.0,223.0,126.0,297.5,116.0,9.9,5.0,2.0
0,86.0,0,34.0,129.4,102.0,267.1,104.0,154.8,100.0,9.3,16.0,0.0
